--------------------------------------------------------
--  File created - maandag-april-14-2014   
--------------------------------------------------------
--------------------------------------------------------
--  DDL for Sequence TRAM_SEQ
--------------------------------------------------------

   CREATE SEQUENCE  "TRAM_SEQ"  MINVALUE 1 MAXVALUE 9999999999999999999999999999 INCREMENT BY 1 START WITH 1020 CACHE 20 NOORDER  NOCYCLE ;
--------------------------------------------------------
--  DDL for Sequence TRAM_LOG_SEQ
--------------------------------------------------------

   CREATE SEQUENCE  "TRAM_LOG_SEQ"  MINVALUE 1 MAXVALUE 9999999999999999999999999999 INCREMENT BY 1 START WITH 1020 CACHE 20 NOORDER  NOCYCLE ;
--------------------------------------------------------
--  DDL for Table SPOOR
--------------------------------------------------------

  CREATE TABLE "SPOOR" 
   (	"ID" NUMBER, 
	"NUMMER" NUMBER, 
	"STATUS" VARCHAR2(500 BYTE), 
	"REMISE_ID" NUMBER, 
	"LIJNNUMMER1" NUMBER, 
	"LIJNNUMMER2" NUMBER
   ) SEGMENT CREATION IMMEDIATE 
  PCTFREE 10 PCTUSED 40 INITRANS 1 MAXTRANS 255 NOCOMPRESS LOGGING
  STORAGE(INITIAL 65536 NEXT 1048576 MINEXTENTS 1 MAXEXTENTS 2147483645
  PCTINCREASE 0 FREELISTS 1 FREELIST GROUPS 1 BUFFER_POOL DEFAULT FLASH_CACHE DEFAULT CELL_FLASH_CACHE DEFAULT)
  TABLESPACE "SYSTEM" ;
--------------------------------------------------------
--  DDL for Table SEGMENT
--------------------------------------------------------

  CREATE TABLE "SEGMENT" 
   (	"ID" NUMBER, 
	"NUMMER" NUMBER, 
	"SPOOR_ID" NUMBER, 
	"SPECIAL" VARCHAR2(255 BYTE), 
	"STATUS" VARCHAR2(20 BYTE)
   ) SEGMENT CREATION IMMEDIATE 
  PCTFREE 10 PCTUSED 40 INITRANS 1 MAXTRANS 255 NOCOMPRESS LOGGING
  STORAGE(INITIAL 65536 NEXT 1048576 MINEXTENTS 1 MAXEXTENTS 2147483645
  PCTINCREASE 0 FREELISTS 1 FREELIST GROUPS 1 BUFFER_POOL DEFAULT FLASH_CACHE DEFAULT CELL_FLASH_CACHE DEFAULT)
  TABLESPACE "SYSTEM" ;
--------------------------------------------------------
--  DDL for Table LIJN
--------------------------------------------------------

  CREATE TABLE "LIJN" 
   (	"ID" NUMBER, 
	"NUMMER" NUMBER
   ) SEGMENT CREATION IMMEDIATE 
  PCTFREE 10 PCTUSED 40 INITRANS 1 MAXTRANS 255 NOCOMPRESS LOGGING
  STORAGE(INITIAL 65536 NEXT 1048576 MINEXTENTS 1 MAXEXTENTS 2147483645
  PCTINCREASE 0 FREELISTS 1 FREELIST GROUPS 1 BUFFER_POOL DEFAULT FLASH_CACHE DEFAULT CELL_FLASH_CACHE DEFAULT)
  TABLESPACE "SYSTEM" ;
--------------------------------------------------------
--  DDL for Table TRAM_LOG
--------------------------------------------------------

  CREATE TABLE "TRAM_LOG" 
   (	"ID" NUMBER, 
	"TRAM_ID" NUMBER, 
	"SEGMENT_ID" NUMBER, 
	"CREATED" TIMESTAMP (6)
   ) SEGMENT CREATION IMMEDIATE 
  PCTFREE 10 PCTUSED 40 INITRANS 1 MAXTRANS 255 NOCOMPRESS LOGGING
  STORAGE(INITIAL 65536 NEXT 1048576 MINEXTENTS 1 MAXEXTENTS 2147483645
  PCTINCREASE 0 FREELISTS 1 FREELIST GROUPS 1 BUFFER_POOL DEFAULT FLASH_CACHE DEFAULT CELL_FLASH_CACHE DEFAULT)
  TABLESPACE "SYSTEM" ;
--------------------------------------------------------
--  DDL for Table TRAM
--------------------------------------------------------

  CREATE TABLE "TRAM" 
   (	"ID" NUMBER, 
	"TYPE" VARCHAR2(255 BYTE), 
	"NUMMER" NUMBER, 
	"STATUS" VARCHAR2(255 BYTE), 
	"RFIDCODE" VARCHAR2(255 BYTE), 
	"LIJN_ID" NUMBER, 
	"REMISE_ID" NUMBER, 
	"SEGMENT_ID" NUMBER
   ) SEGMENT CREATION IMMEDIATE 
  PCTFREE 10 PCTUSED 40 INITRANS 1 MAXTRANS 255 NOCOMPRESS LOGGING
  STORAGE(INITIAL 65536 NEXT 1048576 MINEXTENTS 1 MAXEXTENTS 2147483645
  PCTINCREASE 0 FREELISTS 1 FREELIST GROUPS 1 BUFFER_POOL DEFAULT FLASH_CACHE DEFAULT CELL_FLASH_CACHE DEFAULT)
  TABLESPACE "SYSTEM" ;
--------------------------------------------------------
--  DDL for Table REMISE
--------------------------------------------------------

  CREATE TABLE "REMISE" 
   (	"ID" NUMBER, 
	"NUMMER" NUMBER
   ) SEGMENT CREATION IMMEDIATE 
  PCTFREE 10 PCTUSED 40 INITRANS 1 MAXTRANS 255 NOCOMPRESS LOGGING
  STORAGE(INITIAL 65536 NEXT 1048576 MINEXTENTS 1 MAXEXTENTS 2147483645
  PCTINCREASE 0 FREELISTS 1 FREELIST GROUPS 1 BUFFER_POOL DEFAULT FLASH_CACHE DEFAULT CELL_FLASH_CACHE DEFAULT)
  TABLESPACE "SYSTEM" ;
--------------------------------------------------------
--  DDL for Table RFID
--------------------------------------------------------

  CREATE TABLE "RFID" 
   (	"RFIDCODE" VARCHAR2(255 BYTE), 
	"AANWEZIGHEIDSSTATUS" VARCHAR2(255 BYTE)
   ) SEGMENT CREATION IMMEDIATE 
  PCTFREE 10 PCTUSED 40 INITRANS 1 MAXTRANS 255 NOCOMPRESS LOGGING
  STORAGE(INITIAL 65536 NEXT 1048576 MINEXTENTS 1 MAXEXTENTS 2147483645
  PCTINCREASE 0 FREELISTS 1 FREELIST GROUPS 1 BUFFER_POOL DEFAULT FLASH_CACHE DEFAULT CELL_FLASH_CACHE DEFAULT)
  TABLESPACE "SYSTEM" ;
--------------------------------------------------------
--  DDL for Table GEBRUIKER
--------------------------------------------------------

  CREATE TABLE "GEBRUIKER" 
   (	"GEBRUIKERSNAAM" VARCHAR2(255 BYTE), 
	"WACHTWOORD" VARCHAR2(255 BYTE)
   ) SEGMENT CREATION IMMEDIATE 
  PCTFREE 10 PCTUSED 40 INITRANS 1 MAXTRANS 255 NOCOMPRESS LOGGING
  STORAGE(INITIAL 65536 NEXT 1048576 MINEXTENTS 1 MAXEXTENTS 2147483645
  PCTINCREASE 0 FREELISTS 1 FREELIST GROUPS 1 BUFFER_POOL DEFAULT FLASH_CACHE DEFAULT CELL_FLASH_CACHE DEFAULT)
  TABLESPACE "SYSTEM" ;
REM INSERTING into SPOOR
SET DEFINE OFF;
Insert into SPOOR (ID,NUMMER,STATUS,REMISE_ID,LIJNNUMMER1,LIJNNUMMER2) values (1,38,'geblokkeerd',null,2,null);
Insert into SPOOR (ID,NUMMER,STATUS,REMISE_ID,LIJNNUMMER1,LIJNNUMMER2) values (2,37,'vrij',null,5,null);
Insert into SPOOR (ID,NUMMER,STATUS,REMISE_ID,LIJNNUMMER1,LIJNNUMMER2) values (3,36,'vrij',null,1,null);
Insert into SPOOR (ID,NUMMER,STATUS,REMISE_ID,LIJNNUMMER1,LIJNNUMMER2) values (4,35,'vrij',null,16,24);
Insert into SPOOR (ID,NUMMER,STATUS,REMISE_ID,LIJNNUMMER1,LIJNNUMMER2) values (5,34,'vrij',null,2,null);
Insert into SPOOR (ID,NUMMER,STATUS,REMISE_ID,LIJNNUMMER1,LIJNNUMMER2) values (6,33,'vrij',null,16,24);
Insert into SPOOR (ID,NUMMER,STATUS,REMISE_ID,LIJNNUMMER1,LIJNNUMMER2) values (7,32,'vrij',null,10,null);
Insert into SPOOR (ID,NUMMER,STATUS,REMISE_ID,LIJNNUMMER1,LIJNNUMMER2) values (8,31,'vrij',null,null,null);
Insert into SPOOR (ID,NUMMER,STATUS,REMISE_ID,LIJNNUMMER1,LIJNNUMMER2) values (9,30,'vrij',null,16,24);
Insert into SPOOR (ID,NUMMER,STATUS,REMISE_ID,LIJNNUMMER1,LIJNNUMMER2) values (10,40,'vrij',null,null,null);
Insert into SPOOR (ID,NUMMER,STATUS,REMISE_ID,LIJNNUMMER1,LIJNNUMMER2) values (11,41,'vrij',null,10,null);
Insert into SPOOR (ID,NUMMER,STATUS,REMISE_ID,LIJNNUMMER1,LIJNNUMMER2) values (12,42,'vrij',null,5,null);
Insert into SPOOR (ID,NUMMER,STATUS,REMISE_ID,LIJNNUMMER1,LIJNNUMMER2) values (13,43,'vrij',null,1,null);
Insert into SPOOR (ID,NUMMER,STATUS,REMISE_ID,LIJNNUMMER1,LIJNNUMMER2) values (14,44,'vrij',null,13,null);
Insert into SPOOR (ID,NUMMER,STATUS,REMISE_ID,LIJNNUMMER1,LIJNNUMMER2) values (15,45,'vrij',null,17,null);
Insert into SPOOR (ID,NUMMER,STATUS,REMISE_ID,LIJNNUMMER1,LIJNNUMMER2) values (16,58,'vrij',null,null,null);
Insert into SPOOR (ID,NUMMER,STATUS,REMISE_ID,LIJNNUMMER1,LIJNNUMMER2) values (17,57,'vrij',null,16,24);
Insert into SPOOR (ID,NUMMER,STATUS,REMISE_ID,LIJNNUMMER1,LIJNNUMMER2) values (18,56,'vrij',null,5,null);
Insert into SPOOR (ID,NUMMER,STATUS,REMISE_ID,LIJNNUMMER1,LIJNNUMMER2) values (19,55,'vrij',null,2,null);
Insert into SPOOR (ID,NUMMER,STATUS,REMISE_ID,LIJNNUMMER1,LIJNNUMMER2) values (20,54,'vrij',null,5,null);
Insert into SPOOR (ID,NUMMER,STATUS,REMISE_ID,LIJNNUMMER1,LIJNNUMMER2) values (21,53,'vrij',null,13,null);
Insert into SPOOR (ID,NUMMER,STATUS,REMISE_ID,LIJNNUMMER1,LIJNNUMMER2) values (22,52,'vrij',null,17,null);
Insert into SPOOR (ID,NUMMER,STATUS,REMISE_ID,LIJNNUMMER1,LIJNNUMMER2) values (23,51,'vrij',null,1,null);
Insert into SPOOR (ID,NUMMER,STATUS,REMISE_ID,LIJNNUMMER1,LIJNNUMMER2) values (24,64,'vrij',null,null,null);
Insert into SPOOR (ID,NUMMER,STATUS,REMISE_ID,LIJNNUMMER1,LIJNNUMMER2) values (25,63,'vrij',null,2,null);
Insert into SPOOR (ID,NUMMER,STATUS,REMISE_ID,LIJNNUMMER1,LIJNNUMMER2) values (26,62,'vrij',null,null,null);
Insert into SPOOR (ID,NUMMER,STATUS,REMISE_ID,LIJNNUMMER1,LIJNNUMMER2) values (27,61,'vrij',null,null,null);
Insert into SPOOR (ID,NUMMER,STATUS,REMISE_ID,LIJNNUMMER1,LIJNNUMMER2) values (28,74,'vrij',null,null,null);
Insert into SPOOR (ID,NUMMER,STATUS,REMISE_ID,LIJNNUMMER1,LIJNNUMMER2) values (29,75,'vrij',null,null,null);
Insert into SPOOR (ID,NUMMER,STATUS,REMISE_ID,LIJNNUMMER1,LIJNNUMMER2) values (30,76,'vrij',null,null,null);
Insert into SPOOR (ID,NUMMER,STATUS,REMISE_ID,LIJNNUMMER1,LIJNNUMMER2) values (31,77,'vrij',null,null,null);
Insert into SPOOR (ID,NUMMER,STATUS,REMISE_ID,LIJNNUMMER1,LIJNNUMMER2) values (32,12,'vrij',null,null,null);
Insert into SPOOR (ID,NUMMER,STATUS,REMISE_ID,LIJNNUMMER1,LIJNNUMMER2) values (33,13,'vrij',null,null,null);
Insert into SPOOR (ID,NUMMER,STATUS,REMISE_ID,LIJNNUMMER1,LIJNNUMMER2) values (34,14,'vrij',null,null,null);
Insert into SPOOR (ID,NUMMER,STATUS,REMISE_ID,LIJNNUMMER1,LIJNNUMMER2) values (35,15,'vrij',null,null,null);
Insert into SPOOR (ID,NUMMER,STATUS,REMISE_ID,LIJNNUMMER1,LIJNNUMMER2) values (36,16,'vrij',null,null,null);
Insert into SPOOR (ID,NUMMER,STATUS,REMISE_ID,LIJNNUMMER1,LIJNNUMMER2) values (37,17,'vrij',null,null,null);
Insert into SPOOR (ID,NUMMER,STATUS,REMISE_ID,LIJNNUMMER1,LIJNNUMMER2) values (38,18,'vrij',null,null,null);
Insert into SPOOR (ID,NUMMER,STATUS,REMISE_ID,LIJNNUMMER1,LIJNNUMMER2) values (39,19,'vrij',null,null,null);
Insert into SPOOR (ID,NUMMER,STATUS,REMISE_ID,LIJNNUMMER1,LIJNNUMMER2) values (40,20,'vrij',null,null,null);
Insert into SPOOR (ID,NUMMER,STATUS,REMISE_ID,LIJNNUMMER1,LIJNNUMMER2) values (41,21,'vrij',null,null,null);
REM INSERTING into SEGMENT
SET DEFINE OFF;
Insert into SEGMENT (ID,NUMMER,SPOOR_ID,SPECIAL,STATUS) values (1,1,1,null,'vrij');
Insert into SEGMENT (ID,NUMMER,SPOOR_ID,SPECIAL,STATUS) values (2,2,1,null,'vrij');
Insert into SEGMENT (ID,NUMMER,SPOOR_ID,SPECIAL,STATUS) values (3,3,1,null,'vrij');
Insert into SEGMENT (ID,NUMMER,SPOOR_ID,SPECIAL,STATUS) values (4,4,1,'uitrijding','vrij');
Insert into SEGMENT (ID,NUMMER,SPOOR_ID,SPECIAL,STATUS) values (5,1,2,null,'geblokkeerd');
Insert into SEGMENT (ID,NUMMER,SPOOR_ID,SPECIAL,STATUS) values (6,2,2,null,'geblokkeerd');
Insert into SEGMENT (ID,NUMMER,SPOOR_ID,SPECIAL,STATUS) values (7,3,2,null,'vrij');
Insert into SEGMENT (ID,NUMMER,SPOOR_ID,SPECIAL,STATUS) values (8,4,2,null,'vrij');
Insert into SEGMENT (ID,NUMMER,SPOOR_ID,SPECIAL,STATUS) values (9,1,3,null,'vrij');
Insert into SEGMENT (ID,NUMMER,SPOOR_ID,SPECIAL,STATUS) values (10,2,3,null,'vrij');
Insert into SEGMENT (ID,NUMMER,SPOOR_ID,SPECIAL,STATUS) values (11,3,3,null,'vrij');
Insert into SEGMENT (ID,NUMMER,SPOOR_ID,SPECIAL,STATUS) values (12,4,3,'uitrijding','vrij');
Insert into SEGMENT (ID,NUMMER,SPOOR_ID,SPECIAL,STATUS) values (13,1,4,null,'geblokkeerd');
Insert into SEGMENT (ID,NUMMER,SPOOR_ID,SPECIAL,STATUS) values (14,2,4,null,'geblokkeerd');
Insert into SEGMENT (ID,NUMMER,SPOOR_ID,SPECIAL,STATUS) values (15,3,4,null,'vrij');
Insert into SEGMENT (ID,NUMMER,SPOOR_ID,SPECIAL,STATUS) values (16,4,4,null,'vrij');
Insert into SEGMENT (ID,NUMMER,SPOOR_ID,SPECIAL,STATUS) values (17,1,5,null,null);
Insert into SEGMENT (ID,NUMMER,SPOOR_ID,SPECIAL,STATUS) values (18,2,5,null,'geblokkeerd');
Insert into SEGMENT (ID,NUMMER,SPOOR_ID,SPECIAL,STATUS) values (19,3,5,null,'vrij');
Insert into SEGMENT (ID,NUMMER,SPOOR_ID,SPECIAL,STATUS) values (20,4,5,'uitrijding',null);
Insert into SEGMENT (ID,NUMMER,SPOOR_ID,SPECIAL,STATUS) values (21,1,6,null,'vrij');
Insert into SEGMENT (ID,NUMMER,SPOOR_ID,SPECIAL,STATUS) values (22,2,6,null,'geblokkeerd');
Insert into SEGMENT (ID,NUMMER,SPOOR_ID,SPECIAL,STATUS) values (23,3,6,null,'geblokkeerd');
Insert into SEGMENT (ID,NUMMER,SPOOR_ID,SPECIAL,STATUS) values (24,4,6,null,'vrij');
Insert into SEGMENT (ID,NUMMER,SPOOR_ID,SPECIAL,STATUS) values (25,1,7,null,null);
Insert into SEGMENT (ID,NUMMER,SPOOR_ID,SPECIAL,STATUS) values (26,2,7,null,null);
Insert into SEGMENT (ID,NUMMER,SPOOR_ID,SPECIAL,STATUS) values (27,3,7,null,null);
Insert into SEGMENT (ID,NUMMER,SPOOR_ID,SPECIAL,STATUS) values (28,4,7,'uitrijding',null);
Insert into SEGMENT (ID,NUMMER,SPOOR_ID,SPECIAL,STATUS) values (29,1,8,null,null);
Insert into SEGMENT (ID,NUMMER,SPOOR_ID,SPECIAL,STATUS) values (30,2,8,null,null);
Insert into SEGMENT (ID,NUMMER,SPOOR_ID,SPECIAL,STATUS) values (31,3,8,'uitrijding',null);
Insert into SEGMENT (ID,NUMMER,SPOOR_ID,SPECIAL,STATUS) values (32,1,9,null,'geblokkeerd');
Insert into SEGMENT (ID,NUMMER,SPOOR_ID,SPECIAL,STATUS) values (33,2,9,null,null);
Insert into SEGMENT (ID,NUMMER,SPOOR_ID,SPECIAL,STATUS) values (34,3,9,'uitrijding',null);
Insert into SEGMENT (ID,NUMMER,SPOOR_ID,SPECIAL,STATUS) values (35,1,10,null,'geblokkeerd');
Insert into SEGMENT (ID,NUMMER,SPOOR_ID,SPECIAL,STATUS) values (36,2,10,null,'vrij');
Insert into SEGMENT (ID,NUMMER,SPOOR_ID,SPECIAL,STATUS) values (37,3,10,null,'geblokkeerd');
Insert into SEGMENT (ID,NUMMER,SPOOR_ID,SPECIAL,STATUS) values (38,4,10,null,'vrij');
Insert into SEGMENT (ID,NUMMER,SPOOR_ID,SPECIAL,STATUS) values (39,5,10,null,'vrij');
Insert into SEGMENT (ID,NUMMER,SPOOR_ID,SPECIAL,STATUS) values (40,6,10,null,'vrij');
Insert into SEGMENT (ID,NUMMER,SPOOR_ID,SPECIAL,STATUS) values (41,7,10,null,'vrij');
Insert into SEGMENT (ID,NUMMER,SPOOR_ID,SPECIAL,STATUS) values (42,1,11,null,'geblokkeerd');
Insert into SEGMENT (ID,NUMMER,SPOOR_ID,SPECIAL,STATUS) values (43,2,11,null,null);
Insert into SEGMENT (ID,NUMMER,SPOOR_ID,SPECIAL,STATUS) values (44,3,11,null,null);
Insert into SEGMENT (ID,NUMMER,SPOOR_ID,SPECIAL,STATUS) values (45,4,11,null,null);
Insert into SEGMENT (ID,NUMMER,SPOOR_ID,SPECIAL,STATUS) values (46,1,12,null,'geblokkeerd');
Insert into SEGMENT (ID,NUMMER,SPOOR_ID,SPECIAL,STATUS) values (47,2,12,null,'geblokkeerd');
Insert into SEGMENT (ID,NUMMER,SPOOR_ID,SPECIAL,STATUS) values (48,3,12,null,'vrij');
Insert into SEGMENT (ID,NUMMER,SPOOR_ID,SPECIAL,STATUS) values (49,4,12,null,'vrij');
Insert into SEGMENT (ID,NUMMER,SPOOR_ID,SPECIAL,STATUS) values (50,1,13,null,'vrij');
Insert into SEGMENT (ID,NUMMER,SPOOR_ID,SPECIAL,STATUS) values (51,2,13,null,'vrij');
Insert into SEGMENT (ID,NUMMER,SPOOR_ID,SPECIAL,STATUS) values (52,3,13,null,'vrij');
Insert into SEGMENT (ID,NUMMER,SPOOR_ID,SPECIAL,STATUS) values (53,4,13,null,'vrij');
Insert into SEGMENT (ID,NUMMER,SPOOR_ID,SPECIAL,STATUS) values (54,1,14,null,'geblokkeerd');
Insert into SEGMENT (ID,NUMMER,SPOOR_ID,SPECIAL,STATUS) values (55,2,14,null,'geblokkeerd');
Insert into SEGMENT (ID,NUMMER,SPOOR_ID,SPECIAL,STATUS) values (56,3,14,null,'geblokkeerd');
Insert into SEGMENT (ID,NUMMER,SPOOR_ID,SPECIAL,STATUS) values (57,4,14,null,null);
Insert into SEGMENT (ID,NUMMER,SPOOR_ID,SPECIAL,STATUS) values (58,1,15,null,'geblokkeerd');
Insert into SEGMENT (ID,NUMMER,SPOOR_ID,SPECIAL,STATUS) values (59,2,15,null,'geblokkeerd');
Insert into SEGMENT (ID,NUMMER,SPOOR_ID,SPECIAL,STATUS) values (60,3,15,null,'geblokkeerd');
Insert into SEGMENT (ID,NUMMER,SPOOR_ID,SPECIAL,STATUS) values (61,4,15,null,'geblokkeerd');
Insert into SEGMENT (ID,NUMMER,SPOOR_ID,SPECIAL,STATUS) values (62,5,15,null,'vrij');
Insert into SEGMENT (ID,NUMMER,SPOOR_ID,SPECIAL,STATUS) values (63,6,15,null,'vrij');
Insert into SEGMENT (ID,NUMMER,SPOOR_ID,SPECIAL,STATUS) values (64,7,15,null,'vrij');
Insert into SEGMENT (ID,NUMMER,SPOOR_ID,SPECIAL,STATUS) values (65,8,15,null,'vrij');
Insert into SEGMENT (ID,NUMMER,SPOOR_ID,SPECIAL,STATUS) values (66,9,15,null,'vrij');
Insert into SEGMENT (ID,NUMMER,SPOOR_ID,SPECIAL,STATUS) values (67,10,15,null,'vrij');
Insert into SEGMENT (ID,NUMMER,SPOOR_ID,SPECIAL,STATUS) values (68,1,16,null,null);
Insert into SEGMENT (ID,NUMMER,SPOOR_ID,SPECIAL,STATUS) values (69,2,16,null,null);
Insert into SEGMENT (ID,NUMMER,SPOOR_ID,SPECIAL,STATUS) values (70,3,16,null,null);
Insert into SEGMENT (ID,NUMMER,SPOOR_ID,SPECIAL,STATUS) values (71,4,16,null,null);
Insert into SEGMENT (ID,NUMMER,SPOOR_ID,SPECIAL,STATUS) values (72,1,17,null,null);
Insert into SEGMENT (ID,NUMMER,SPOOR_ID,SPECIAL,STATUS) values (73,2,17,null,null);
Insert into SEGMENT (ID,NUMMER,SPOOR_ID,SPECIAL,STATUS) values (74,3,17,null,null);
Insert into SEGMENT (ID,NUMMER,SPOOR_ID,SPECIAL,STATUS) values (75,4,17,null,null);
Insert into SEGMENT (ID,NUMMER,SPOOR_ID,SPECIAL,STATUS) values (76,5,17,null,null);
Insert into SEGMENT (ID,NUMMER,SPOOR_ID,SPECIAL,STATUS) values (77,6,17,null,null);
Insert into SEGMENT (ID,NUMMER,SPOOR_ID,SPECIAL,STATUS) values (78,7,17,null,null);
Insert into SEGMENT (ID,NUMMER,SPOOR_ID,SPECIAL,STATUS) values (79,8,17,null,null);
Insert into SEGMENT (ID,NUMMER,SPOOR_ID,SPECIAL,STATUS) values (80,1,18,null,null);
Insert into SEGMENT (ID,NUMMER,SPOOR_ID,SPECIAL,STATUS) values (81,2,18,null,null);
Insert into SEGMENT (ID,NUMMER,SPOOR_ID,SPECIAL,STATUS) values (82,3,18,null,null);
Insert into SEGMENT (ID,NUMMER,SPOOR_ID,SPECIAL,STATUS) values (83,4,18,null,null);
Insert into SEGMENT (ID,NUMMER,SPOOR_ID,SPECIAL,STATUS) values (84,5,18,'permanent',null);
Insert into SEGMENT (ID,NUMMER,SPOOR_ID,SPECIAL,STATUS) values (85,6,18,null,null);
Insert into SEGMENT (ID,NUMMER,SPOOR_ID,SPECIAL,STATUS) values (86,7,18,null,null);
Insert into SEGMENT (ID,NUMMER,SPOOR_ID,SPECIAL,STATUS) values (87,1,19,null,null);
Insert into SEGMENT (ID,NUMMER,SPOOR_ID,SPECIAL,STATUS) values (88,2,19,null,null);
Insert into SEGMENT (ID,NUMMER,SPOOR_ID,SPECIAL,STATUS) values (89,3,19,null,null);
Insert into SEGMENT (ID,NUMMER,SPOOR_ID,SPECIAL,STATUS) values (90,4,19,null,null);
Insert into SEGMENT (ID,NUMMER,SPOOR_ID,SPECIAL,STATUS) values (91,5,19,'permanent',null);
Insert into SEGMENT (ID,NUMMER,SPOOR_ID,SPECIAL,STATUS) values (92,6,19,null,null);
Insert into SEGMENT (ID,NUMMER,SPOOR_ID,SPECIAL,STATUS) values (93,7,19,null,null);
Insert into SEGMENT (ID,NUMMER,SPOOR_ID,SPECIAL,STATUS) values (94,1,20,null,null);
Insert into SEGMENT (ID,NUMMER,SPOOR_ID,SPECIAL,STATUS) values (95,2,20,null,null);
Insert into SEGMENT (ID,NUMMER,SPOOR_ID,SPECIAL,STATUS) values (96,3,20,null,null);
Insert into SEGMENT (ID,NUMMER,SPOOR_ID,SPECIAL,STATUS) values (97,4,20,null,null);
Insert into SEGMENT (ID,NUMMER,SPOOR_ID,SPECIAL,STATUS) values (98,5,20,null,null);
Insert into SEGMENT (ID,NUMMER,SPOOR_ID,SPECIAL,STATUS) values (99,6,20,null,null);
Insert into SEGMENT (ID,NUMMER,SPOOR_ID,SPECIAL,STATUS) values (100,7,20,null,null);
Insert into SEGMENT (ID,NUMMER,SPOOR_ID,SPECIAL,STATUS) values (101,1,21,null,null);
Insert into SEGMENT (ID,NUMMER,SPOOR_ID,SPECIAL,STATUS) values (102,2,21,null,null);
Insert into SEGMENT (ID,NUMMER,SPOOR_ID,SPECIAL,STATUS) values (103,3,21,null,null);
Insert into SEGMENT (ID,NUMMER,SPOOR_ID,SPECIAL,STATUS) values (104,4,21,'permanent',null);
Insert into SEGMENT (ID,NUMMER,SPOOR_ID,SPECIAL,STATUS) values (105,5,21,null,null);
Insert into SEGMENT (ID,NUMMER,SPOOR_ID,SPECIAL,STATUS) values (106,6,21,null,null);
Insert into SEGMENT (ID,NUMMER,SPOOR_ID,SPECIAL,STATUS) values (107,1,22,null,null);
Insert into SEGMENT (ID,NUMMER,SPOOR_ID,SPECIAL,STATUS) values (108,2,22,null,null);
Insert into SEGMENT (ID,NUMMER,SPOOR_ID,SPECIAL,STATUS) values (109,3,22,null,null);
Insert into SEGMENT (ID,NUMMER,SPOOR_ID,SPECIAL,STATUS) values (110,4,22,'permanent',null);
Insert into SEGMENT (ID,NUMMER,SPOOR_ID,SPECIAL,STATUS) values (111,5,22,null,null);
Insert into SEGMENT (ID,NUMMER,SPOOR_ID,SPECIAL,STATUS) values (112,6,22,null,null);
Insert into SEGMENT (ID,NUMMER,SPOOR_ID,SPECIAL,STATUS) values (113,1,23,null,'vrij');
Insert into SEGMENT (ID,NUMMER,SPOOR_ID,SPECIAL,STATUS) values (114,2,23,null,'vrij');
Insert into SEGMENT (ID,NUMMER,SPOOR_ID,SPECIAL,STATUS) values (115,3,23,'permanent','geblokkeerd');
Insert into SEGMENT (ID,NUMMER,SPOOR_ID,SPECIAL,STATUS) values (116,4,23,null,'vrij');
Insert into SEGMENT (ID,NUMMER,SPOOR_ID,SPECIAL,STATUS) values (117,5,23,null,'vrij');
Insert into SEGMENT (ID,NUMMER,SPOOR_ID,SPECIAL,STATUS) values (118,1,24,null,null);
Insert into SEGMENT (ID,NUMMER,SPOOR_ID,SPECIAL,STATUS) values (119,2,24,null,null);
Insert into SEGMENT (ID,NUMMER,SPOOR_ID,SPECIAL,STATUS) values (120,3,24,'permanent',null);
Insert into SEGMENT (ID,NUMMER,SPOOR_ID,SPECIAL,STATUS) values (121,4,24,null,null);
Insert into SEGMENT (ID,NUMMER,SPOOR_ID,SPECIAL,STATUS) values (122,1,25,null,null);
Insert into SEGMENT (ID,NUMMER,SPOOR_ID,SPECIAL,STATUS) values (123,2,25,null,null);
Insert into SEGMENT (ID,NUMMER,SPOOR_ID,SPECIAL,STATUS) values (124,3,25,null,null);
Insert into SEGMENT (ID,NUMMER,SPOOR_ID,SPECIAL,STATUS) values (125,4,25,null,null);
Insert into SEGMENT (ID,NUMMER,SPOOR_ID,SPECIAL,STATUS) values (126,1,26,null,'geblokkeerd');
Insert into SEGMENT (ID,NUMMER,SPOOR_ID,SPECIAL,STATUS) values (127,2,26,null,'geblokkeerd');
Insert into SEGMENT (ID,NUMMER,SPOOR_ID,SPECIAL,STATUS) values (128,1,27,null,null);
Insert into SEGMENT (ID,NUMMER,SPOOR_ID,SPECIAL,STATUS) values (129,2,27,'permanent',null);
Insert into SEGMENT (ID,NUMMER,SPOOR_ID,SPECIAL,STATUS) values (130,1,28,null,null);
Insert into SEGMENT (ID,NUMMER,SPOOR_ID,SPECIAL,STATUS) values (131,2,28,'permanent',null);
Insert into SEGMENT (ID,NUMMER,SPOOR_ID,SPECIAL,STATUS) values (132,3,28,null,null);
Insert into SEGMENT (ID,NUMMER,SPOOR_ID,SPECIAL,STATUS) values (133,4,28,'permanent',null);
Insert into SEGMENT (ID,NUMMER,SPOOR_ID,SPECIAL,STATUS) values (134,5,28,null,null);
Insert into SEGMENT (ID,NUMMER,SPOOR_ID,SPECIAL,STATUS) values (135,1,29,null,null);
Insert into SEGMENT (ID,NUMMER,SPOOR_ID,SPECIAL,STATUS) values (136,2,29,null,null);
Insert into SEGMENT (ID,NUMMER,SPOOR_ID,SPECIAL,STATUS) values (137,3,29,null,null);
Insert into SEGMENT (ID,NUMMER,SPOOR_ID,SPECIAL,STATUS) values (138,4,29,null,null);
Insert into SEGMENT (ID,NUMMER,SPOOR_ID,SPECIAL,STATUS) values (139,5,29,null,null);
Insert into SEGMENT (ID,NUMMER,SPOOR_ID,SPECIAL,STATUS) values (140,1,30,null,null);
Insert into SEGMENT (ID,NUMMER,SPOOR_ID,SPECIAL,STATUS) values (141,2,30,null,null);
Insert into SEGMENT (ID,NUMMER,SPOOR_ID,SPECIAL,STATUS) values (142,3,30,null,null);
Insert into SEGMENT (ID,NUMMER,SPOOR_ID,SPECIAL,STATUS) values (143,4,30,null,null);
Insert into SEGMENT (ID,NUMMER,SPOOR_ID,SPECIAL,STATUS) values (144,5,30,null,null);
Insert into SEGMENT (ID,NUMMER,SPOOR_ID,SPECIAL,STATUS) values (145,1,31,null,null);
Insert into SEGMENT (ID,NUMMER,SPOOR_ID,SPECIAL,STATUS) values (146,2,31,null,null);
Insert into SEGMENT (ID,NUMMER,SPOOR_ID,SPECIAL,STATUS) values (147,3,31,null,null);
Insert into SEGMENT (ID,NUMMER,SPOOR_ID,SPECIAL,STATUS) values (148,4,31,null,null);
Insert into SEGMENT (ID,NUMMER,SPOOR_ID,SPECIAL,STATUS) values (149,5,31,null,null);
Insert into SEGMENT (ID,NUMMER,SPOOR_ID,SPECIAL,STATUS) values (150,1,32,null,null);
Insert into SEGMENT (ID,NUMMER,SPOOR_ID,SPECIAL,STATUS) values (151,1,33,null,null);
Insert into SEGMENT (ID,NUMMER,SPOOR_ID,SPECIAL,STATUS) values (152,1,34,null,null);
Insert into SEGMENT (ID,NUMMER,SPOOR_ID,SPECIAL,STATUS) values (153,1,35,null,null);
Insert into SEGMENT (ID,NUMMER,SPOOR_ID,SPECIAL,STATUS) values (154,1,36,null,null);
Insert into SEGMENT (ID,NUMMER,SPOOR_ID,SPECIAL,STATUS) values (155,1,37,null,null);
Insert into SEGMENT (ID,NUMMER,SPOOR_ID,SPECIAL,STATUS) values (156,1,38,null,null);
Insert into SEGMENT (ID,NUMMER,SPOOR_ID,SPECIAL,STATUS) values (157,1,39,null,null);
Insert into SEGMENT (ID,NUMMER,SPOOR_ID,SPECIAL,STATUS) values (158,1,40,null,null);
Insert into SEGMENT (ID,NUMMER,SPOOR_ID,SPECIAL,STATUS) values (166,1,41,null,null);
Insert into SEGMENT (ID,NUMMER,SPOOR_ID,SPECIAL,STATUS) values (160,7,21,null,null);
Insert into SEGMENT (ID,NUMMER,SPOOR_ID,SPECIAL,STATUS) values (16666,8,18,null,null);
Insert into SEGMENT (ID,NUMMER,SPOOR_ID,SPECIAL,STATUS) values (165,8,19,null,null);
Insert into SEGMENT (ID,NUMMER,SPOOR_ID,SPECIAL,STATUS) values (1660,7,22,null,null);
Insert into SEGMENT (ID,NUMMER,SPOOR_ID,SPECIAL,STATUS) values (1666,6,23,null,null);
Insert into SEGMENT (ID,NUMMER,SPOOR_ID,SPECIAL,STATUS) values (545,5,24,null,null);
Insert into SEGMENT (ID,NUMMER,SPOOR_ID,SPECIAL,STATUS) values (4353,3,26,null,null);
Insert into SEGMENT (ID,NUMMER,SPOOR_ID,SPECIAL,STATUS) values (343,3,27,null,null);
REM INSERTING into LIJN
SET DEFINE OFF;
REM INSERTING into TRAM_LOG
SET DEFINE OFF;
Insert into TRAM_LOG (ID,TRAM_ID,SEGMENT_ID,CREATED) values (1003,28,156,to_timestamp('14-APR-14 10.09.14.000000000 PM','DD-MON-RR HH.MI.SSXFF AM'));
Insert into TRAM_LOG (ID,TRAM_ID,SEGMENT_ID,CREATED) values (1001,83,49,to_timestamp('14-APR-14 10.09.08.000000000 PM','DD-MON-RR HH.MI.SSXFF AM'));
Insert into TRAM_LOG (ID,TRAM_ID,SEGMENT_ID,CREATED) values (1002,116,33,to_timestamp('14-APR-14 10.09.11.000000000 PM','DD-MON-RR HH.MI.SSXFF AM'));
Insert into TRAM_LOG (ID,TRAM_ID,SEGMENT_ID,CREATED) values (1004,62,62,to_timestamp('14-APR-14 10.09.17.000000000 PM','DD-MON-RR HH.MI.SSXFF AM'));
Insert into TRAM_LOG (ID,TRAM_ID,SEGMENT_ID,CREATED) values (1005,96,95,to_timestamp('14-APR-14 10.09.20.000000000 PM','DD-MON-RR HH.MI.SSXFF AM'));
Insert into TRAM_LOG (ID,TRAM_ID,SEGMENT_ID,CREATED) values (1006,4,17,to_timestamp('14-APR-14 10.09.23.000000000 PM','DD-MON-RR HH.MI.SSXFF AM'));
Insert into TRAM_LOG (ID,TRAM_ID,SEGMENT_ID,CREATED) values (1007,116,0,to_timestamp('14-APR-14 10.09.27.000000000 PM','DD-MON-RR HH.MI.SSXFF AM'));
Insert into TRAM_LOG (ID,TRAM_ID,SEGMENT_ID,CREATED) values (1008,18,8,to_timestamp('14-APR-14 10.23.42.000000000 PM','DD-MON-RR HH.MI.SSXFF AM'));
Insert into TRAM_LOG (ID,TRAM_ID,SEGMENT_ID,CREATED) values (1009,52,68,to_timestamp('14-APR-14 10.23.45.000000000 PM','DD-MON-RR HH.MI.SSXFF AM'));
Insert into TRAM_LOG (ID,TRAM_ID,SEGMENT_ID,CREATED) values (1010,85,96,to_timestamp('14-APR-14 10.23.48.000000000 PM','DD-MON-RR HH.MI.SSXFF AM'));
Insert into TRAM_LOG (ID,TRAM_ID,SEGMENT_ID,CREATED) values (1011,118,33,to_timestamp('14-APR-14 10.23.51.000000000 PM','DD-MON-RR HH.MI.SSXFF AM'));
Insert into TRAM_LOG (ID,TRAM_ID,SEGMENT_ID,CREATED) values (1012,31,122,to_timestamp('14-APR-14 10.23.54.000000000 PM','DD-MON-RR HH.MI.SSXFF AM'));
Insert into TRAM_LOG (ID,TRAM_ID,SEGMENT_ID,CREATED) values (1013,65,63,to_timestamp('14-APR-14 10.23.57.000000000 PM','DD-MON-RR HH.MI.SSXFF AM'));
REM INSERTING into TRAM
SET DEFINE OFF;
Insert into TRAM (ID,TYPE,NUMMER,STATUS,RFIDCODE,LIJN_ID,REMISE_ID,SEGMENT_ID) values (1,'combino',2001,'Verontreinigd','2800b3779b',1,1,36);
Insert into TRAM (ID,TYPE,NUMMER,STATUS,RFIDCODE,LIJN_ID,REMISE_ID,SEGMENT_ID) values (2,'combino',2002,'Defect','001',1,1,50);
Insert into TRAM (ID,TYPE,NUMMER,STATUS,RFIDCODE,LIJN_ID,REMISE_ID,SEGMENT_ID) values (3,'combino',2003,'Onderhoud','002',1,1,38);
Insert into TRAM (ID,TYPE,NUMMER,STATUS,RFIDCODE,LIJN_ID,REMISE_ID,SEGMENT_ID) values (4,'combino',2004,null,'003',1,1,17);
Insert into TRAM (ID,TYPE,NUMMER,STATUS,RFIDCODE,LIJN_ID,REMISE_ID,SEGMENT_ID) values (5,'combino',2005,'Afwezig','004',1,1,43);
Insert into TRAM (ID,TYPE,NUMMER,STATUS,RFIDCODE,LIJN_ID,REMISE_ID,SEGMENT_ID) values (6,'combino',2006,null,'005',1,1,0);
Insert into TRAM (ID,TYPE,NUMMER,STATUS,RFIDCODE,LIJN_ID,REMISE_ID,SEGMENT_ID) values (7,'combino',2007,null,'006',1,1,0);
Insert into TRAM (ID,TYPE,NUMMER,STATUS,RFIDCODE,LIJN_ID,REMISE_ID,SEGMENT_ID) values (8,'combino',2008,'Afwezig','007',1,1,0);
Insert into TRAM (ID,TYPE,NUMMER,STATUS,RFIDCODE,LIJN_ID,REMISE_ID,SEGMENT_ID) values (9,'combino',2009,null,'008',1,1,72);
Insert into TRAM (ID,TYPE,NUMMER,STATUS,RFIDCODE,LIJN_ID,REMISE_ID,SEGMENT_ID) values (10,'combino',2010,null,'009',1,1,7);
Insert into TRAM (ID,TYPE,NUMMER,STATUS,RFIDCODE,LIJN_ID,REMISE_ID,SEGMENT_ID) values (11,'combino',2011,null,'010',1,1,94);
Insert into TRAM (ID,TYPE,NUMMER,STATUS,RFIDCODE,LIJN_ID,REMISE_ID,SEGMENT_ID) values (12,'combino',2012,'Afwezig','011',1,1,0);
Insert into TRAM (ID,TYPE,NUMMER,STATUS,RFIDCODE,LIJN_ID,REMISE_ID,SEGMENT_ID) values (13,'combino',2013,null,'012',1,1,0);
Insert into TRAM (ID,TYPE,NUMMER,STATUS,RFIDCODE,LIJN_ID,REMISE_ID,SEGMENT_ID) values (14,'combino',2014,null,'013',1,1,15);
Insert into TRAM (ID,TYPE,NUMMER,STATUS,RFIDCODE,LIJN_ID,REMISE_ID,SEGMENT_ID) values (15,'combino',2015,null,'014',1,1,0);
Insert into TRAM (ID,TYPE,NUMMER,STATUS,RFIDCODE,LIJN_ID,REMISE_ID,SEGMENT_ID) values (16,'combino',2016,null,'015',1,1,0);
Insert into TRAM (ID,TYPE,NUMMER,STATUS,RFIDCODE,LIJN_ID,REMISE_ID,SEGMENT_ID) values (17,'combino',2017,null,'016',1,1,0);
Insert into TRAM (ID,TYPE,NUMMER,STATUS,RFIDCODE,LIJN_ID,REMISE_ID,SEGMENT_ID) values (18,'combino',2018,null,'017',1,1,8);
Insert into TRAM (ID,TYPE,NUMMER,STATUS,RFIDCODE,LIJN_ID,REMISE_ID,SEGMENT_ID) values (19,'combino',2019,null,'018',1,1,0);
Insert into TRAM (ID,TYPE,NUMMER,STATUS,RFIDCODE,LIJN_ID,REMISE_ID,SEGMENT_ID) values (20,'combino',2020,null,'019',1,1,0);
Insert into TRAM (ID,TYPE,NUMMER,STATUS,RFIDCODE,LIJN_ID,REMISE_ID,SEGMENT_ID) values (21,'combino',2021,null,'020',2,1,0);
Insert into TRAM (ID,TYPE,NUMMER,STATUS,RFIDCODE,LIJN_ID,REMISE_ID,SEGMENT_ID) values (22,'combino',2022,null,'021',2,1,0);
Insert into TRAM (ID,TYPE,NUMMER,STATUS,RFIDCODE,LIJN_ID,REMISE_ID,SEGMENT_ID) values (23,'combino',2023,null,'022',2,1,0);
Insert into TRAM (ID,TYPE,NUMMER,STATUS,RFIDCODE,LIJN_ID,REMISE_ID,SEGMENT_ID) values (24,'combino',2024,null,'023',2,1,0);
Insert into TRAM (ID,TYPE,NUMMER,STATUS,RFIDCODE,LIJN_ID,REMISE_ID,SEGMENT_ID) values (25,'combino',2025,null,'024',2,1,0);
Insert into TRAM (ID,TYPE,NUMMER,STATUS,RFIDCODE,LIJN_ID,REMISE_ID,SEGMENT_ID) values (26,'combino',2026,null,'025',2,1,0);
Insert into TRAM (ID,TYPE,NUMMER,STATUS,RFIDCODE,LIJN_ID,REMISE_ID,SEGMENT_ID) values (27,'combino',2027,null,'026',2,1,0);
Insert into TRAM (ID,TYPE,NUMMER,STATUS,RFIDCODE,LIJN_ID,REMISE_ID,SEGMENT_ID) values (28,'combino',2028,null,'027',2,1,156);
Insert into TRAM (ID,TYPE,NUMMER,STATUS,RFIDCODE,LIJN_ID,REMISE_ID,SEGMENT_ID) values (29,'combino',2029,null,'028',2,1,0);
Insert into TRAM (ID,TYPE,NUMMER,STATUS,RFIDCODE,LIJN_ID,REMISE_ID,SEGMENT_ID) values (30,'combino',2030,null,'029',2,1,0);
Insert into TRAM (ID,TYPE,NUMMER,STATUS,RFIDCODE,LIJN_ID,REMISE_ID,SEGMENT_ID) values (31,'combino',2031,null,'030',2,1,122);
Insert into TRAM (ID,TYPE,NUMMER,STATUS,RFIDCODE,LIJN_ID,REMISE_ID,SEGMENT_ID) values (32,'combino',2032,null,'031',2,1,0);
Insert into TRAM (ID,TYPE,NUMMER,STATUS,RFIDCODE,LIJN_ID,REMISE_ID,SEGMENT_ID) values (33,'combino',2033,null,'032',2,1,9);
Insert into TRAM (ID,TYPE,NUMMER,STATUS,RFIDCODE,LIJN_ID,REMISE_ID,SEGMENT_ID) values (34,'combino',2034,null,'033',2,1,0);
Insert into TRAM (ID,TYPE,NUMMER,STATUS,RFIDCODE,LIJN_ID,REMISE_ID,SEGMENT_ID) values (35,'combino',2035,null,'034',2,1,0);
Insert into TRAM (ID,TYPE,NUMMER,STATUS,RFIDCODE,LIJN_ID,REMISE_ID,SEGMENT_ID) values (36,'combino',2036,null,'035',2,1,0);
Insert into TRAM (ID,TYPE,NUMMER,STATUS,RFIDCODE,LIJN_ID,REMISE_ID,SEGMENT_ID) values (37,'combino',2037,null,'036',2,1,0);
Insert into TRAM (ID,TYPE,NUMMER,STATUS,RFIDCODE,LIJN_ID,REMISE_ID,SEGMENT_ID) values (38,'combino',2038,null,'037',2,1,0);
Insert into TRAM (ID,TYPE,NUMMER,STATUS,RFIDCODE,LIJN_ID,REMISE_ID,SEGMENT_ID) values (39,'combino',2039,null,'038',2,1,0);
Insert into TRAM (ID,TYPE,NUMMER,STATUS,RFIDCODE,LIJN_ID,REMISE_ID,SEGMENT_ID) values (40,'combino',2040,null,'039',2,1,0);
Insert into TRAM (ID,TYPE,NUMMER,STATUS,RFIDCODE,LIJN_ID,REMISE_ID,SEGMENT_ID) values (41,'combino',2041,null,'040',10,1,0);
Insert into TRAM (ID,TYPE,NUMMER,STATUS,RFIDCODE,LIJN_ID,REMISE_ID,SEGMENT_ID) values (42,'combino',2042,null,'041',10,1,0);
Insert into TRAM (ID,TYPE,NUMMER,STATUS,RFIDCODE,LIJN_ID,REMISE_ID,SEGMENT_ID) values (43,'combino',2043,null,'042',10,1,0);
Insert into TRAM (ID,TYPE,NUMMER,STATUS,RFIDCODE,LIJN_ID,REMISE_ID,SEGMENT_ID) values (44,'combino',2044,null,'043',10,1,0);
Insert into TRAM (ID,TYPE,NUMMER,STATUS,RFIDCODE,LIJN_ID,REMISE_ID,SEGMENT_ID) values (45,'combino',2045,null,'044',10,1,0);
Insert into TRAM (ID,TYPE,NUMMER,STATUS,RFIDCODE,LIJN_ID,REMISE_ID,SEGMENT_ID) values (46,'combino',2046,'Onderhoud','045',10,1,150);
Insert into TRAM (ID,TYPE,NUMMER,STATUS,RFIDCODE,LIJN_ID,REMISE_ID,SEGMENT_ID) values (47,'combino',2047,null,'046',10,1,0);
Insert into TRAM (ID,TYPE,NUMMER,STATUS,RFIDCODE,LIJN_ID,REMISE_ID,SEGMENT_ID) values (48,'combino',2048,null,'047',10,1,0);
Insert into TRAM (ID,TYPE,NUMMER,STATUS,RFIDCODE,LIJN_ID,REMISE_ID,SEGMENT_ID) values (49,'combino',2049,null,'048',10,1,0);
Insert into TRAM (ID,TYPE,NUMMER,STATUS,RFIDCODE,LIJN_ID,REMISE_ID,SEGMENT_ID) values (50,'combino',2050,null,'049',10,1,0);
Insert into TRAM (ID,TYPE,NUMMER,STATUS,RFIDCODE,LIJN_ID,REMISE_ID,SEGMENT_ID) values (51,'combino',2051,null,'050',10,1,0);
Insert into TRAM (ID,TYPE,NUMMER,STATUS,RFIDCODE,LIJN_ID,REMISE_ID,SEGMENT_ID) values (52,'combino',2052,null,'051',10,1,68);
Insert into TRAM (ID,TYPE,NUMMER,STATUS,RFIDCODE,LIJN_ID,REMISE_ID,SEGMENT_ID) values (53,'combino',2053,null,'052',10,1,0);
Insert into TRAM (ID,TYPE,NUMMER,STATUS,RFIDCODE,LIJN_ID,REMISE_ID,SEGMENT_ID) values (54,'combino',2054,null,'053',10,1,145);
Insert into TRAM (ID,TYPE,NUMMER,STATUS,RFIDCODE,LIJN_ID,REMISE_ID,SEGMENT_ID) values (55,'combino',2055,null,'054',10,1,0);
Insert into TRAM (ID,TYPE,NUMMER,STATUS,RFIDCODE,LIJN_ID,REMISE_ID,SEGMENT_ID) values (56,'combino',2056,null,'055',10,1,0);
Insert into TRAM (ID,TYPE,NUMMER,STATUS,RFIDCODE,LIJN_ID,REMISE_ID,SEGMENT_ID) values (57,'combino',2057,null,'056',10,1,0);
Insert into TRAM (ID,TYPE,NUMMER,STATUS,RFIDCODE,LIJN_ID,REMISE_ID,SEGMENT_ID) values (58,'combino',2058,null,'057',10,1,0);
Insert into TRAM (ID,TYPE,NUMMER,STATUS,RFIDCODE,LIJN_ID,REMISE_ID,SEGMENT_ID) values (59,'combino',2059,null,'058',10,1,0);
Insert into TRAM (ID,TYPE,NUMMER,STATUS,RFIDCODE,LIJN_ID,REMISE_ID,SEGMENT_ID) values (60,'combino',2060,null,'059',10,1,0);
Insert into TRAM (ID,TYPE,NUMMER,STATUS,RFIDCODE,LIJN_ID,REMISE_ID,SEGMENT_ID) values (61,'combino',2061,null,'060',10,1,0);
Insert into TRAM (ID,TYPE,NUMMER,STATUS,RFIDCODE,LIJN_ID,REMISE_ID,SEGMENT_ID) values (62,'combino',2062,null,'061',10,1,62);
Insert into TRAM (ID,TYPE,NUMMER,STATUS,RFIDCODE,LIJN_ID,REMISE_ID,SEGMENT_ID) values (63,'combino',2063,null,'062',10,1,0);
Insert into TRAM (ID,TYPE,NUMMER,STATUS,RFIDCODE,LIJN_ID,REMISE_ID,SEGMENT_ID) values (64,'combino',2064,null,'063',10,1,0);
Insert into TRAM (ID,TYPE,NUMMER,STATUS,RFIDCODE,LIJN_ID,REMISE_ID,SEGMENT_ID) values (65,'combino',2065,null,'064',10,1,63);
Insert into TRAM (ID,TYPE,NUMMER,STATUS,RFIDCODE,LIJN_ID,REMISE_ID,SEGMENT_ID) values (66,'combino',2066,null,'065',10,1,0);
Insert into TRAM (ID,TYPE,NUMMER,STATUS,RFIDCODE,LIJN_ID,REMISE_ID,SEGMENT_ID) values (67,'combino',2067,null,'066',10,1,128);
Insert into TRAM (ID,TYPE,NUMMER,STATUS,RFIDCODE,LIJN_ID,REMISE_ID,SEGMENT_ID) values (68,'combino',2068,null,'067',10,1,0);
Insert into TRAM (ID,TYPE,NUMMER,STATUS,RFIDCODE,LIJN_ID,REMISE_ID,SEGMENT_ID) values (69,'combino',2069,null,'068',10,1,0);
Insert into TRAM (ID,TYPE,NUMMER,STATUS,RFIDCODE,LIJN_ID,REMISE_ID,SEGMENT_ID) values (70,'combino',2070,null,'069',10,1,0);
Insert into TRAM (ID,TYPE,NUMMER,STATUS,RFIDCODE,LIJN_ID,REMISE_ID,SEGMENT_ID) values (71,'combino',2071,null,'070',10,1,0);
Insert into TRAM (ID,TYPE,NUMMER,STATUS,RFIDCODE,LIJN_ID,REMISE_ID,SEGMENT_ID) values (72,'combino',2072,null,'071',10,1,0);
Insert into TRAM (ID,TYPE,NUMMER,STATUS,RFIDCODE,LIJN_ID,REMISE_ID,SEGMENT_ID) values (73,'11g',901,null,'2300fb53c0',5,1,0);
Insert into TRAM (ID,TYPE,NUMMER,STATUS,RFIDCODE,LIJN_ID,REMISE_ID,SEGMENT_ID) values (74,'11g',902,null,'072',5,1,0);
Insert into TRAM (ID,TYPE,NUMMER,STATUS,RFIDCODE,LIJN_ID,REMISE_ID,SEGMENT_ID) values (75,'11g',903,null,'073',5,1,0);
Insert into TRAM (ID,TYPE,NUMMER,STATUS,RFIDCODE,LIJN_ID,REMISE_ID,SEGMENT_ID) values (76,'11g',904,null,'074',5,1,0);
Insert into TRAM (ID,TYPE,NUMMER,STATUS,RFIDCODE,LIJN_ID,REMISE_ID,SEGMENT_ID) values (77,'11g',905,null,'075',5,1,0);
Insert into TRAM (ID,TYPE,NUMMER,STATUS,RFIDCODE,LIJN_ID,REMISE_ID,SEGMENT_ID) values (78,'11g',906,null,'076',5,1,0);
Insert into TRAM (ID,TYPE,NUMMER,STATUS,RFIDCODE,LIJN_ID,REMISE_ID,SEGMENT_ID) values (79,'11g',907,null,'077',5,1,0);
Insert into TRAM (ID,TYPE,NUMMER,STATUS,RFIDCODE,LIJN_ID,REMISE_ID,SEGMENT_ID) values (80,'11g',908,null,'078',5,1,0);
Insert into TRAM (ID,TYPE,NUMMER,STATUS,RFIDCODE,LIJN_ID,REMISE_ID,SEGMENT_ID) values (81,'11g',909,null,'079',5,1,0);
Insert into TRAM (ID,TYPE,NUMMER,STATUS,RFIDCODE,LIJN_ID,REMISE_ID,SEGMENT_ID) values (82,'11g',910,null,'080',5,1,0);
Insert into TRAM (ID,TYPE,NUMMER,STATUS,RFIDCODE,LIJN_ID,REMISE_ID,SEGMENT_ID) values (83,'11g',911,null,'081',5,1,49);
Insert into TRAM (ID,TYPE,NUMMER,STATUS,RFIDCODE,LIJN_ID,REMISE_ID,SEGMENT_ID) values (84,'11g',912,null,'082',5,1,0);
Insert into TRAM (ID,TYPE,NUMMER,STATUS,RFIDCODE,LIJN_ID,REMISE_ID,SEGMENT_ID) values (85,'11g',913,null,'083',5,1,96);
Insert into TRAM (ID,TYPE,NUMMER,STATUS,RFIDCODE,LIJN_ID,REMISE_ID,SEGMENT_ID) values (86,'11g',914,null,'084',5,1,0);
Insert into TRAM (ID,TYPE,NUMMER,STATUS,RFIDCODE,LIJN_ID,REMISE_ID,SEGMENT_ID) values (87,'11g',915,null,'085',5,1,0);
Insert into TRAM (ID,TYPE,NUMMER,STATUS,RFIDCODE,LIJN_ID,REMISE_ID,SEGMENT_ID) values (88,'11g',916,null,'086',5,1,48);
Insert into TRAM (ID,TYPE,NUMMER,STATUS,RFIDCODE,LIJN_ID,REMISE_ID,SEGMENT_ID) values (89,'11g',917,null,'087',5,1,0);
Insert into TRAM (ID,TYPE,NUMMER,STATUS,RFIDCODE,LIJN_ID,REMISE_ID,SEGMENT_ID) values (90,'11g',918,null,'088',5,1,0);
Insert into TRAM (ID,TYPE,NUMMER,STATUS,RFIDCODE,LIJN_ID,REMISE_ID,SEGMENT_ID) values (91,'11g',919,null,'089',5,1,0);
Insert into TRAM (ID,TYPE,NUMMER,STATUS,RFIDCODE,LIJN_ID,REMISE_ID,SEGMENT_ID) values (92,'11g',920,null,'090',5,1,0);
Insert into TRAM (ID,TYPE,NUMMER,STATUS,RFIDCODE,LIJN_ID,REMISE_ID,SEGMENT_ID) values (93,'dubbel kop combino',2201,null,'091',13,1,0);
Insert into TRAM (ID,TYPE,NUMMER,STATUS,RFIDCODE,LIJN_ID,REMISE_ID,SEGMENT_ID) values (94,'dubbel kop combino',2202,null,'092',13,1,0);
Insert into TRAM (ID,TYPE,NUMMER,STATUS,RFIDCODE,LIJN_ID,REMISE_ID,SEGMENT_ID) values (95,'dubbel kop combino',2203,null,'093',13,1,0);
Insert into TRAM (ID,TYPE,NUMMER,STATUS,RFIDCODE,LIJN_ID,REMISE_ID,SEGMENT_ID) values (96,'dubbel kop combino',2204,null,'094',13,1,95);
Insert into TRAM (ID,TYPE,NUMMER,STATUS,RFIDCODE,LIJN_ID,REMISE_ID,SEGMENT_ID) values (97,'12g',817,null,'2800367',16,1,0);
Insert into TRAM (ID,TYPE,NUMMER,STATUS,RFIDCODE,LIJN_ID,REMISE_ID,SEGMENT_ID) values (98,'12g',818,null,'095',16,1,0);
Insert into TRAM (ID,TYPE,NUMMER,STATUS,RFIDCODE,LIJN_ID,REMISE_ID,SEGMENT_ID) values (99,'12g',819,null,'096',16,1,0);
Insert into TRAM (ID,TYPE,NUMMER,STATUS,RFIDCODE,LIJN_ID,REMISE_ID,SEGMENT_ID) values (100,'12g',820,null,'097',16,1,24);
Insert into TRAM (ID,TYPE,NUMMER,STATUS,RFIDCODE,LIJN_ID,REMISE_ID,SEGMENT_ID) values (101,'12g',821,null,'098',16,1,0);
Insert into TRAM (ID,TYPE,NUMMER,STATUS,RFIDCODE,LIJN_ID,REMISE_ID,SEGMENT_ID) values (102,'12g',822,null,'099',16,1,0);
Insert into TRAM (ID,TYPE,NUMMER,STATUS,RFIDCODE,LIJN_ID,REMISE_ID,SEGMENT_ID) values (103,'12g',823,null,'100',16,1,0);
Insert into TRAM (ID,TYPE,NUMMER,STATUS,RFIDCODE,LIJN_ID,REMISE_ID,SEGMENT_ID) values (104,'12g',824,null,'101',16,1,0);
Insert into TRAM (ID,TYPE,NUMMER,STATUS,RFIDCODE,LIJN_ID,REMISE_ID,SEGMENT_ID) values (105,'12g',825,null,'102',16,1,0);
Insert into TRAM (ID,TYPE,NUMMER,STATUS,RFIDCODE,LIJN_ID,REMISE_ID,SEGMENT_ID) values (106,'12g',826,null,'103',16,1,0);
Insert into TRAM (ID,TYPE,NUMMER,STATUS,RFIDCODE,LIJN_ID,REMISE_ID,SEGMENT_ID) values (107,'12g',827,null,'104',16,1,0);
Insert into TRAM (ID,TYPE,NUMMER,STATUS,RFIDCODE,LIJN_ID,REMISE_ID,SEGMENT_ID) values (108,'12g',828,null,'105',16,1,0);
Insert into TRAM (ID,TYPE,NUMMER,STATUS,RFIDCODE,LIJN_ID,REMISE_ID,SEGMENT_ID) values (109,'12g',829,null,'106',16,1,0);
Insert into TRAM (ID,TYPE,NUMMER,STATUS,RFIDCODE,LIJN_ID,REMISE_ID,SEGMENT_ID) values (110,'12g',830,null,'107',16,1,0);
Insert into TRAM (ID,TYPE,NUMMER,STATUS,RFIDCODE,LIJN_ID,REMISE_ID,SEGMENT_ID) values (111,'12g',831,null,'108',24,1,0);
Insert into TRAM (ID,TYPE,NUMMER,STATUS,RFIDCODE,LIJN_ID,REMISE_ID,SEGMENT_ID) values (112,'12g',832,null,'109',24,1,0);
Insert into TRAM (ID,TYPE,NUMMER,STATUS,RFIDCODE,LIJN_ID,REMISE_ID,SEGMENT_ID) values (113,'12g',833,null,'110',24,1,0);
Insert into TRAM (ID,TYPE,NUMMER,STATUS,RFIDCODE,LIJN_ID,REMISE_ID,SEGMENT_ID) values (114,'12g',834,null,'111',24,1,0);
Insert into TRAM (ID,TYPE,NUMMER,STATUS,RFIDCODE,LIJN_ID,REMISE_ID,SEGMENT_ID) values (115,'12g',835,null,'112',24,1,0);
Insert into TRAM (ID,TYPE,NUMMER,STATUS,RFIDCODE,LIJN_ID,REMISE_ID,SEGMENT_ID) values (116,'12g',836,null,'113',24,1,0);
Insert into TRAM (ID,TYPE,NUMMER,STATUS,RFIDCODE,LIJN_ID,REMISE_ID,SEGMENT_ID) values (117,'12g',837,null,'114',24,1,0);
Insert into TRAM (ID,TYPE,NUMMER,STATUS,RFIDCODE,LIJN_ID,REMISE_ID,SEGMENT_ID) values (118,'12g',838,null,'115',24,1,33);
Insert into TRAM (ID,TYPE,NUMMER,STATUS,RFIDCODE,LIJN_ID,REMISE_ID,SEGMENT_ID) values (119,'12g',839,null,'116',24,1,0);
Insert into TRAM (ID,TYPE,NUMMER,STATUS,RFIDCODE,LIJN_ID,REMISE_ID,SEGMENT_ID) values (120,'12g',840,null,'117',24,1,0);
Insert into TRAM (ID,TYPE,NUMMER,STATUS,RFIDCODE,LIJN_ID,REMISE_ID,SEGMENT_ID) values (121,'12g',841,null,'118',24,1,21);
Insert into TRAM (ID,TYPE,NUMMER,STATUS,RFIDCODE,LIJN_ID,REMISE_ID,SEGMENT_ID) values (122,'opleiding tram',809,null,'119',17,1,0);
Insert into TRAM (ID,TYPE,NUMMER,STATUS,RFIDCODE,LIJN_ID,REMISE_ID,SEGMENT_ID) values (123,'opleiding tram',810,null,'120',17,1,0);
Insert into TRAM (ID,TYPE,NUMMER,STATUS,RFIDCODE,LIJN_ID,REMISE_ID,SEGMENT_ID) values (124,'opleiding tram',811,null,'121',17,1,0);
Insert into TRAM (ID,TYPE,NUMMER,STATUS,RFIDCODE,LIJN_ID,REMISE_ID,SEGMENT_ID) values (125,'opleiding tram',812,null,'122',17,1,0);
Insert into TRAM (ID,TYPE,NUMMER,STATUS,RFIDCODE,LIJN_ID,REMISE_ID,SEGMENT_ID) values (126,'opleiding tram',813,null,'123',17,1,0);
Insert into TRAM (ID,TYPE,NUMMER,STATUS,RFIDCODE,LIJN_ID,REMISE_ID,SEGMENT_ID) values (127,'opleiding tram',814,null,'124',17,1,0);
Insert into TRAM (ID,TYPE,NUMMER,STATUS,RFIDCODE,LIJN_ID,REMISE_ID,SEGMENT_ID) values (128,'opleiding tram',815,null,'125',17,1,0);
Insert into TRAM (ID,TYPE,NUMMER,STATUS,RFIDCODE,LIJN_ID,REMISE_ID,SEGMENT_ID) values (129,'opleiding tram',816,null,'126',17,1,0);
REM INSERTING into REMISE
SET DEFINE OFF;
Insert into REMISE (ID,NUMMER) values (1,1);
REM INSERTING into RFID
SET DEFINE OFF;
REM INSERTING into GEBRUIKER
SET DEFINE OFF;
Insert into GEBRUIKER (GEBRUIKERSNAAM,WACHTWOORD) values ('','');
--------------------------------------------------------
--  DDL for Index SYS_C007069
--------------------------------------------------------

  CREATE UNIQUE INDEX "SYS_C007069" ON "SPOOR" ("ID") 
  PCTFREE 10 INITRANS 2 MAXTRANS 255 COMPUTE STATISTICS 
  STORAGE(INITIAL 65536 NEXT 1048576 MINEXTENTS 1 MAXEXTENTS 2147483645
  PCTINCREASE 0 FREELISTS 1 FREELIST GROUPS 1 BUFFER_POOL DEFAULT FLASH_CACHE DEFAULT CELL_FLASH_CACHE DEFAULT)
  TABLESPACE "SYSTEM" ;
--------------------------------------------------------
--  DDL for Index SYS_C007073
--------------------------------------------------------

  CREATE UNIQUE INDEX "SYS_C007073" ON "SEGMENT" ("ID") 
  PCTFREE 10 INITRANS 2 MAXTRANS 255 COMPUTE STATISTICS 
  STORAGE(INITIAL 65536 NEXT 1048576 MINEXTENTS 1 MAXEXTENTS 2147483645
  PCTINCREASE 0 FREELISTS 1 FREELIST GROUPS 1 BUFFER_POOL DEFAULT FLASH_CACHE DEFAULT CELL_FLASH_CACHE DEFAULT)
  TABLESPACE "SYSTEM" ;
--------------------------------------------------------
--  DDL for Index SYS_C007063
--------------------------------------------------------

  CREATE UNIQUE INDEX "SYS_C007063" ON "LIJN" ("ID") 
  PCTFREE 10 INITRANS 2 MAXTRANS 255 COMPUTE STATISTICS 
  STORAGE(INITIAL 65536 NEXT 1048576 MINEXTENTS 1 MAXEXTENTS 2147483645
  PCTINCREASE 0 FREELISTS 1 FREELIST GROUPS 1 BUFFER_POOL DEFAULT FLASH_CACHE DEFAULT CELL_FLASH_CACHE DEFAULT)
  TABLESPACE "SYSTEM" ;
--------------------------------------------------------
--  DDL for Index TRAM_LOG_PK
--------------------------------------------------------

  CREATE UNIQUE INDEX "TRAM_LOG_PK" ON "TRAM_LOG" ("ID") 
  PCTFREE 10 INITRANS 2 MAXTRANS 255 COMPUTE STATISTICS 
  STORAGE(INITIAL 65536 NEXT 1048576 MINEXTENTS 1 MAXEXTENTS 2147483645
  PCTINCREASE 0 FREELISTS 1 FREELIST GROUPS 1 BUFFER_POOL DEFAULT FLASH_CACHE DEFAULT CELL_FLASH_CACHE DEFAULT)
  TABLESPACE "SYSTEM" ;
--------------------------------------------------------
--  DDL for Index SYS_C007065
--------------------------------------------------------

  CREATE UNIQUE INDEX "SYS_C007065" ON "TRAM" ("ID") 
  PCTFREE 10 INITRANS 2 MAXTRANS 255 COMPUTE STATISTICS 
  STORAGE(INITIAL 65536 NEXT 1048576 MINEXTENTS 1 MAXEXTENTS 2147483645
  PCTINCREASE 0 FREELISTS 1 FREELIST GROUPS 1 BUFFER_POOL DEFAULT FLASH_CACHE DEFAULT CELL_FLASH_CACHE DEFAULT)
  TABLESPACE "SYSTEM" ;
--------------------------------------------------------
--  DDL for Index SYS_C007064
--------------------------------------------------------

  CREATE UNIQUE INDEX "SYS_C007064" ON "REMISE" ("ID") 
  PCTFREE 10 INITRANS 2 MAXTRANS 255 COMPUTE STATISTICS 
  STORAGE(INITIAL 65536 NEXT 1048576 MINEXTENTS 1 MAXEXTENTS 2147483645
  PCTINCREASE 0 FREELISTS 1 FREELIST GROUPS 1 BUFFER_POOL DEFAULT FLASH_CACHE DEFAULT CELL_FLASH_CACHE DEFAULT)
  TABLESPACE "SYSTEM" ;
--------------------------------------------------------
--  DDL for Index SYS_C007062
--------------------------------------------------------

  CREATE UNIQUE INDEX "SYS_C007062" ON "RFID" ("RFIDCODE") 
  PCTFREE 10 INITRANS 2 MAXTRANS 255 COMPUTE STATISTICS 
  STORAGE(INITIAL 65536 NEXT 1048576 MINEXTENTS 1 MAXEXTENTS 2147483645
  PCTINCREASE 0 FREELISTS 1 FREELIST GROUPS 1 BUFFER_POOL DEFAULT FLASH_CACHE DEFAULT CELL_FLASH_CACHE DEFAULT)
  TABLESPACE "SYSTEM" ;
--------------------------------------------------------
--  DDL for Index SYS_C009292
--------------------------------------------------------

  CREATE UNIQUE INDEX "SYS_C009292" ON "GEBRUIKER" ("GEBRUIKERSNAAM") 
  PCTFREE 10 INITRANS 2 MAXTRANS 255 COMPUTE STATISTICS 
  STORAGE(INITIAL 65536 NEXT 1048576 MINEXTENTS 1 MAXEXTENTS 2147483645
  PCTINCREASE 0 FREELISTS 1 FREELIST GROUPS 1 BUFFER_POOL DEFAULT FLASH_CACHE DEFAULT CELL_FLASH_CACHE DEFAULT)
  TABLESPACE "SYSTEM" ;
--------------------------------------------------------
--  Constraints for Table SPOOR
--------------------------------------------------------

  ALTER TABLE "SPOOR" ADD CONSTRAINT "SYS_C007042" PRIMARY KEY ("ID")
  USING INDEX PCTFREE 10 INITRANS 2 MAXTRANS 255 COMPUTE STATISTICS 
  STORAGE(INITIAL 65536 NEXT 1048576 MINEXTENTS 1 MAXEXTENTS 2147483645
  PCTINCREASE 0 FREELISTS 1 FREELIST GROUPS 1 BUFFER_POOL DEFAULT FLASH_CACHE DEFAULT CELL_FLASH_CACHE DEFAULT)
  TABLESPACE "SYSTEM"  ENABLE;
--------------------------------------------------------
--  Constraints for Table SEGMENT
--------------------------------------------------------

  ALTER TABLE "SEGMENT" ADD CONSTRAINT "SYS_C007041" PRIMARY KEY ("ID")
  USING INDEX PCTFREE 10 INITRANS 2 MAXTRANS 255 COMPUTE STATISTICS 
  STORAGE(INITIAL 65536 NEXT 1048576 MINEXTENTS 1 MAXEXTENTS 2147483645
  PCTINCREASE 0 FREELISTS 1 FREELIST GROUPS 1 BUFFER_POOL DEFAULT FLASH_CACHE DEFAULT CELL_FLASH_CACHE DEFAULT)
  TABLESPACE "SYSTEM"  ENABLE;
--------------------------------------------------------
--  Constraints for Table LIJN
--------------------------------------------------------

  ALTER TABLE "LIJN" ADD CONSTRAINT "SYS_C007032" PRIMARY KEY ("ID")
  USING INDEX PCTFREE 10 INITRANS 2 MAXTRANS 255 COMPUTE STATISTICS 
  STORAGE(INITIAL 65536 NEXT 1048576 MINEXTENTS 1 MAXEXTENTS 2147483645
  PCTINCREASE 0 FREELISTS 1 FREELIST GROUPS 1 BUFFER_POOL DEFAULT FLASH_CACHE DEFAULT CELL_FLASH_CACHE DEFAULT)
  TABLESPACE "SYSTEM"  ENABLE;
--------------------------------------------------------
--  Constraints for Table TRAM_LOG
--------------------------------------------------------

  ALTER TABLE "TRAM_LOG" ADD CONSTRAINT "TRAM_LOG_PK" PRIMARY KEY ("ID")
  USING INDEX PCTFREE 10 INITRANS 2 MAXTRANS 255 COMPUTE STATISTICS 
  STORAGE(INITIAL 65536 NEXT 1048576 MINEXTENTS 1 MAXEXTENTS 2147483645
  PCTINCREASE 0 FREELISTS 1 FREELIST GROUPS 1 BUFFER_POOL DEFAULT FLASH_CACHE DEFAULT CELL_FLASH_CACHE DEFAULT)
  TABLESPACE "SYSTEM"  ENABLE;
  ALTER TABLE "TRAM_LOG" MODIFY ("ID" NOT NULL ENABLE);
--------------------------------------------------------
--  Constraints for Table TRAM
--------------------------------------------------------

  ALTER TABLE "TRAM" ADD CONSTRAINT "SYS_C007043" PRIMARY KEY ("ID")
  USING INDEX PCTFREE 10 INITRANS 2 MAXTRANS 255 COMPUTE STATISTICS 
  STORAGE(INITIAL 65536 NEXT 1048576 MINEXTENTS 1 MAXEXTENTS 2147483645
  PCTINCREASE 0 FREELISTS 1 FREELIST GROUPS 1 BUFFER_POOL DEFAULT FLASH_CACHE DEFAULT CELL_FLASH_CACHE DEFAULT)
  TABLESPACE "SYSTEM"  ENABLE;
--------------------------------------------------------
--  Constraints for Table REMISE
--------------------------------------------------------

  ALTER TABLE "REMISE" ADD CONSTRAINT "SYS_C007039" PRIMARY KEY ("ID")
  USING INDEX PCTFREE 10 INITRANS 2 MAXTRANS 255 COMPUTE STATISTICS 
  STORAGE(INITIAL 65536 NEXT 1048576 MINEXTENTS 1 MAXEXTENTS 2147483645
  PCTINCREASE 0 FREELISTS 1 FREELIST GROUPS 1 BUFFER_POOL DEFAULT FLASH_CACHE DEFAULT CELL_FLASH_CACHE DEFAULT)
  TABLESPACE "SYSTEM"  ENABLE;
--------------------------------------------------------
--  Constraints for Table RFID
--------------------------------------------------------

  ALTER TABLE "RFID" ADD PRIMARY KEY ("RFIDCODE")
  USING INDEX PCTFREE 10 INITRANS 2 MAXTRANS 255 COMPUTE STATISTICS 
  STORAGE(INITIAL 65536 NEXT 1048576 MINEXTENTS 1 MAXEXTENTS 2147483645
  PCTINCREASE 0 FREELISTS 1 FREELIST GROUPS 1 BUFFER_POOL DEFAULT FLASH_CACHE DEFAULT CELL_FLASH_CACHE DEFAULT)
  TABLESPACE "SYSTEM"  ENABLE;
--------------------------------------------------------
--  Constraints for Table GEBRUIKER
--------------------------------------------------------

  ALTER TABLE "GEBRUIKER" ADD CONSTRAINT "GEBRUIKER_PK" PRIMARY KEY ("GEBRUIKERSNAAM")
  USING INDEX PCTFREE 10 INITRANS 2 MAXTRANS 255 COMPUTE STATISTICS 
  STORAGE(INITIAL 65536 NEXT 1048576 MINEXTENTS 1 MAXEXTENTS 2147483645
  PCTINCREASE 0 FREELISTS 1 FREELIST GROUPS 1 BUFFER_POOL DEFAULT FLASH_CACHE DEFAULT CELL_FLASH_CACHE DEFAULT)
  TABLESPACE "SYSTEM"  ENABLE;
  ALTER TABLE "GEBRUIKER" MODIFY ("GEBRUIKERSNAAM" NOT NULL ENABLE);
--------------------------------------------------------
--  DDL for Trigger TRAM_TRIGGER
--------------------------------------------------------

  CREATE OR REPLACE TRIGGER "TRAM_TRIGGER" 
BEFORE INSERT ON TRAM 
FOR EACH ROW
BEGIN
SELECT TRAM_SEQ.NEXTVAL
  INTO :new.id
  FROM dual;
END;
/
ALTER TRIGGER "TRAM_TRIGGER" ENABLE;
--------------------------------------------------------
--  DDL for Trigger TRAM_LOG_TRIGGER
--------------------------------------------------------

  CREATE OR REPLACE TRIGGER "TRAM_LOG_TRIGGER" 
BEFORE INSERT ON TRAM_LOG
FOR EACH ROW
BEGIN
:new.created := sysdate;
SELECT TRAM_LOG_SEQ.NEXTVAL
  INTO :new.id
  FROM dual;
END;
/
ALTER TRIGGER "TRAM_LOG_TRIGGER" ENABLE;
