--------------------------------------------------------
--  File created - Thursday-April-10-2014   
--------------------------------------------------------
--------------------------------------------------------
--  DDL for Table GEBRUIKER
--------------------------------------------------------

  CREATE TABLE "GEBRUIKER" 
   (	"GEBRUIKERSNAAM" VARCHAR2(255 BYTE), 
	"WACHTWOORD" VARCHAR2(255 BYTE), 
	"GEBRUIKERSTYPE" VARCHAR2(255 BYTE)
   ) SEGMENT CREATION IMMEDIATE 
  PCTFREE 10 PCTUSED 40 INITRANS 1 MAXTRANS 255 NOCOMPRESS LOGGING
  STORAGE(INITIAL 65536 NEXT 1048576 MINEXTENTS 1 MAXEXTENTS 2147483645
  PCTINCREASE 0 FREELISTS 1 FREELIST GROUPS 1 BUFFER_POOL DEFAULT FLASH_CACHE DEFAULT CELL_FLASH_CACHE DEFAULT)
  TABLESPACE "SYSTEM" ;
--------------------------------------------------------
--  DDL for Table GEBRUIKERSTYPE
--------------------------------------------------------

  CREATE TABLE "GEBRUIKERSTYPE" 
   (	"NAAM" VARCHAR2(255 BYTE)
   ) SEGMENT CREATION IMMEDIATE 
  PCTFREE 10 PCTUSED 40 INITRANS 1 MAXTRANS 255 NOCOMPRESS LOGGING
  STORAGE(INITIAL 65536 NEXT 1048576 MINEXTENTS 1 MAXEXTENTS 2147483645
  PCTINCREASE 0 FREELISTS 1 FREELIST GROUPS 1 BUFFER_POOL DEFAULT FLASH_CACHE DEFAULT CELL_FLASH_CACHE DEFAULT)
  TABLESPACE "SYSTEM" ;
--------------------------------------------------------
--  DDL for Table GEN
--------------------------------------------------------

  CREATE TABLE "GEN" 
   (	"GENCODE" VARCHAR2(100 BYTE), 
	"GENNAAM" VARCHAR2(100 BYTE)
   ) SEGMENT CREATION IMMEDIATE 
  PCTFREE 10 PCTUSED 40 INITRANS 1 MAXTRANS 255 NOCOMPRESS LOGGING
  STORAGE(INITIAL 65536 NEXT 1048576 MINEXTENTS 1 MAXEXTENTS 2147483645
  PCTINCREASE 0 FREELISTS 1 FREELIST GROUPS 1 BUFFER_POOL DEFAULT FLASH_CACHE DEFAULT CELL_FLASH_CACHE DEFAULT)
  TABLESPACE "SYSTEM" ;
--------------------------------------------------------
--  DDL for Table LIJN
--------------------------------------------------------

  CREATE TABLE "LIJN" 
   (	"LIJNID" NUMBER, 
	"LIJNNUMMER" NUMBER
   ) SEGMENT CREATION IMMEDIATE 
  PCTFREE 10 PCTUSED 40 INITRANS 1 MAXTRANS 255 NOCOMPRESS LOGGING
  STORAGE(INITIAL 65536 NEXT 1048576 MINEXTENTS 1 MAXEXTENTS 2147483645
  PCTINCREASE 0 FREELISTS 1 FREELIST GROUPS 1 BUFFER_POOL DEFAULT FLASH_CACHE DEFAULT CELL_FLASH_CACHE DEFAULT)
  TABLESPACE "SYSTEM" ;
--------------------------------------------------------
--  DDL for Table ONDERZOEKER
--------------------------------------------------------

  CREATE TABLE "ONDERZOEKER" 
   (	"ONDERZOEKERNR" NUMBER(38,0), 
	"NAAM" VARCHAR2(100 BYTE), 
	"WOONPLAATS" VARCHAR2(100 BYTE), 
	"WACHTWOORD" VARCHAR2(100 BYTE)
   ) SEGMENT CREATION IMMEDIATE 
  PCTFREE 10 PCTUSED 40 INITRANS 1 MAXTRANS 255 NOCOMPRESS LOGGING
  STORAGE(INITIAL 65536 NEXT 1048576 MINEXTENTS 1 MAXEXTENTS 2147483645
  PCTINCREASE 0 FREELISTS 1 FREELIST GROUPS 1 BUFFER_POOL DEFAULT FLASH_CACHE DEFAULT CELL_FLASH_CACHE DEFAULT)
  TABLESPACE "SYSTEM" ;
--------------------------------------------------------
--  DDL for Table PATIENT
--------------------------------------------------------

  CREATE TABLE "PATIENT" 
   (	"PATIENTNR" NUMBER(38,0), 
	"VADER" NUMBER(38,0), 
	"MOEDER" NUMBER(38,0), 
	"GENCODE" VARCHAR2(100 BYTE), 
	"NAAM" VARCHAR2(100 BYTE), 
	"ONDERZOEKERNR" NUMBER(38,0), 
	"GESLACHT" VARCHAR2(38 BYTE)
   ) SEGMENT CREATION IMMEDIATE 
  PCTFREE 10 PCTUSED 40 INITRANS 1 MAXTRANS 255 NOCOMPRESS LOGGING
  STORAGE(INITIAL 65536 NEXT 1048576 MINEXTENTS 1 MAXEXTENTS 2147483645
  PCTINCREASE 0 FREELISTS 1 FREELIST GROUPS 1 BUFFER_POOL DEFAULT FLASH_CACHE DEFAULT CELL_FLASH_CACHE DEFAULT)
  TABLESPACE "SYSTEM" ;
--------------------------------------------------------
--  DDL for Table REMISE
--------------------------------------------------------

  CREATE TABLE "REMISE" 
   (	"REMISEID" NUMBER, 
	"REMISENUMMER" NUMBER
   ) SEGMENT CREATION IMMEDIATE 
  PCTFREE 10 PCTUSED 40 INITRANS 1 MAXTRANS 255 NOCOMPRESS LOGGING
  STORAGE(INITIAL 65536 NEXT 1048576 MINEXTENTS 1 MAXEXTENTS 2147483645
  PCTINCREASE 0 FREELISTS 1 FREELIST GROUPS 1 BUFFER_POOL DEFAULT FLASH_CACHE DEFAULT CELL_FLASH_CACHE DEFAULT)
  TABLESPACE "SYSTEM" ;
--------------------------------------------------------
--  DDL for Table RFID
--------------------------------------------------------

  CREATE TABLE "RFID" 
   (	"RFIDCODE" VARCHAR2(255 BYTE), 
	"AANWEZIGHEIDSSTATUS" VARCHAR2(255 BYTE)
   ) SEGMENT CREATION IMMEDIATE 
  PCTFREE 10 PCTUSED 40 INITRANS 1 MAXTRANS 255 NOCOMPRESS LOGGING
  STORAGE(INITIAL 65536 NEXT 1048576 MINEXTENTS 1 MAXEXTENTS 2147483645
  PCTINCREASE 0 FREELISTS 1 FREELIST GROUPS 1 BUFFER_POOL DEFAULT FLASH_CACHE DEFAULT CELL_FLASH_CACHE DEFAULT)
  TABLESPACE "SYSTEM" ;
--------------------------------------------------------
--  DDL for Table SEGMENT
--------------------------------------------------------

  CREATE TABLE "SEGMENT" 
   (	"SEGMENTID" NUMBER, 
	"SEGMENTNUMMER" NUMBER, 
	"SPOORSTATUS" VARCHAR2(255 BYTE), 
	"SPOORID" NUMBER, 
	"SPECIAL" VARCHAR2(255 BYTE)
   ) SEGMENT CREATION IMMEDIATE 
  PCTFREE 10 PCTUSED 40 INITRANS 1 MAXTRANS 255 NOCOMPRESS LOGGING
  STORAGE(INITIAL 65536 NEXT 1048576 MINEXTENTS 1 MAXEXTENTS 2147483645
  PCTINCREASE 0 FREELISTS 1 FREELIST GROUPS 1 BUFFER_POOL DEFAULT FLASH_CACHE DEFAULT CELL_FLASH_CACHE DEFAULT)
  TABLESPACE "SYSTEM" ;
--------------------------------------------------------
--  DDL for Table SPOOR
--------------------------------------------------------

  CREATE TABLE "SPOOR" 
   (	"SPOORID" NUMBER, 
	"SPOORNUMMER" NUMBER, 
	"SPOORSTATUS" VARCHAR2(500 BYTE), 
	"REMISEID" NUMBER
   ) SEGMENT CREATION IMMEDIATE 
  PCTFREE 10 PCTUSED 40 INITRANS 1 MAXTRANS 255 NOCOMPRESS LOGGING
  STORAGE(INITIAL 65536 NEXT 1048576 MINEXTENTS 1 MAXEXTENTS 2147483645
  PCTINCREASE 0 FREELISTS 1 FREELIST GROUPS 1 BUFFER_POOL DEFAULT FLASH_CACHE DEFAULT CELL_FLASH_CACHE DEFAULT)
  TABLESPACE "SYSTEM" ;
--------------------------------------------------------
--  DDL for Table SPOOR_TRAM
--------------------------------------------------------

  CREATE TABLE "SPOOR_TRAM" 
   (	"SPOORID" NUMBER, 
	"TRAMID" NUMBER
   ) SEGMENT CREATION IMMEDIATE 
  PCTFREE 10 PCTUSED 40 INITRANS 1 MAXTRANS 255 NOCOMPRESS LOGGING
  STORAGE(INITIAL 65536 NEXT 1048576 MINEXTENTS 1 MAXEXTENTS 2147483645
  PCTINCREASE 0 FREELISTS 1 FREELIST GROUPS 1 BUFFER_POOL DEFAULT FLASH_CACHE DEFAULT CELL_FLASH_CACHE DEFAULT)
  TABLESPACE "SYSTEM" ;
--------------------------------------------------------
--  DDL for Table TRAM
--------------------------------------------------------

  CREATE TABLE "TRAM" 
   (	"TRAMID" NUMBER, 
	"TRAMTYPE" VARCHAR2(255 BYTE), 
	"TRAMNUMMER" NUMBER, 
	"STATUS" VARCHAR2(255 BYTE), 
	"RFIDCODE" VARCHAR2(255 BYTE), 
	"LIJNNR" NUMBER, 
	"REMISEID" NUMBER, 
	"STATUSAANWEZIG" NUMBER(1,0)
   ) SEGMENT CREATION IMMEDIATE 
  PCTFREE 10 PCTUSED 40 INITRANS 1 MAXTRANS 255 NOCOMPRESS LOGGING
  STORAGE(INITIAL 65536 NEXT 1048576 MINEXTENTS 1 MAXEXTENTS 2147483645
  PCTINCREASE 0 FREELISTS 1 FREELIST GROUPS 1 BUFFER_POOL DEFAULT FLASH_CACHE DEFAULT CELL_FLASH_CACHE DEFAULT)
  TABLESPACE "SYSTEM" ;
REM INSERTING into GEBRUIKER
SET DEFINE OFF;
Insert into GEBRUIKER (GEBRUIKERSNAAM,WACHTWOORD,GEBRUIKERSTYPE) values ('1','1',null);
REM INSERTING into GEBRUIKERSTYPE
SET DEFINE OFF;
Insert into GEBRUIKERSTYPE (NAAM) values ('beheerder');
Insert into GEBRUIKERSTYPE (NAAM) values ('logemedewerker');
REM INSERTING into GEN
SET DEFINE OFF;
Insert into GEN (GENCODE,GENNAAM) values ('BCRA1','Breast Cancer type 1 susceptibility protein');
Insert into GEN (GENCODE,GENNAAM) values ('BCRA2','Breast Cancer type 2 susceptibility protein');
Insert into GEN (GENCODE,GENNAAM) values ('ACT3','Activity Gene 3');
Insert into GEN (GENCODE,GENNAAM) values ('ACT4','Activity Gene 4');
REM INSERTING into LIJN
SET DEFINE OFF;
REM INSERTING into ONDERZOEKER
SET DEFINE OFF;
Insert into ONDERZOEKER (ONDERZOEKERNR,NAAM,WOONPLAATS,WACHTWOORD) values ('100','Harmsen','Eindhoven','geheim_wachtwoord1');
Insert into ONDERZOEKER (ONDERZOEKERNR,NAAM,WOONPLAATS,WACHTWOORD) values ('101','de Wit','Tilburg','geheim_wachtwoord2');
REM INSERTING into PATIENT
SET DEFINE OFF;
Insert into PATIENT (PATIENTNR,VADER,MOEDER,GENCODE,NAAM,ONDERZOEKERNR,GESLACHT) values ('1',null,null,'ACT3','Piet Mols','100','M');
Insert into PATIENT (PATIENTNR,VADER,MOEDER,GENCODE,NAAM,ONDERZOEKERNR,GESLACHT) values ('2',null,null,'BCRA1','Jacqueline de Vries','101','V');
Insert into PATIENT (PATIENTNR,VADER,MOEDER,GENCODE,NAAM,ONDERZOEKERNR,GESLACHT) values ('3','1','2','ACT3','Sanne Mols','101','V');
Insert into PATIENT (PATIENTNR,VADER,MOEDER,GENCODE,NAAM,ONDERZOEKERNR,GESLACHT) values ('4',null,null,'ACT4','Jan Janssen','100','M');
Insert into PATIENT (PATIENTNR,VADER,MOEDER,GENCODE,NAAM,ONDERZOEKERNR,GESLACHT) values ('5',null,null,'ACT4','Robin Willemsen','101','M');
Insert into PATIENT (PATIENTNR,VADER,MOEDER,GENCODE,NAAM,ONDERZOEKERNR,GESLACHT) values ('6',null,null,'BCRA2','Truus van de Borne','101','V');
Insert into PATIENT (PATIENTNR,VADER,MOEDER,GENCODE,NAAM,ONDERZOEKERNR,GESLACHT) values ('7','4','6','BCRA1','Maike Janssen',null,'V');
Insert into PATIENT (PATIENTNR,VADER,MOEDER,GENCODE,NAAM,ONDERZOEKERNR,GESLACHT) values ('8','4','6','BCRA2','Marcia Janssen','100','V');
Insert into PATIENT (PATIENTNR,VADER,MOEDER,GENCODE,NAAM,ONDERZOEKERNR,GESLACHT) values ('9',null,null,'BCRA1','Mandy van de Velde',null,'V');
REM INSERTING into REMISE
SET DEFINE OFF;
Insert into REMISE (REMISEID,REMISENUMMER) values ('1','1');
REM INSERTING into RFID
SET DEFINE OFF;
REM INSERTING into SEGMENT
SET DEFINE OFF;
Insert into SEGMENT (SEGMENTID,SEGMENTNUMMER,SPOORSTATUS,SPOORID,SPECIAL) values ('1','1','vrij','1',null);
Insert into SEGMENT (SEGMENTID,SEGMENTNUMMER,SPOORSTATUS,SPOORID,SPECIAL) values ('2','2','vrij','1',null);
Insert into SEGMENT (SEGMENTID,SEGMENTNUMMER,SPOORSTATUS,SPOORID,SPECIAL) values ('3','3','vrij','1',null);
Insert into SEGMENT (SEGMENTID,SEGMENTNUMMER,SPOORSTATUS,SPOORID,SPECIAL) values ('4','4','vrij','1','uitrijdding');
Insert into SEGMENT (SEGMENTID,SEGMENTNUMMER,SPOORSTATUS,SPOORID,SPECIAL) values ('5','1','vrij','2',null);
Insert into SEGMENT (SEGMENTID,SEGMENTNUMMER,SPOORSTATUS,SPOORID,SPECIAL) values ('6','2','vrij','2',null);
Insert into SEGMENT (SEGMENTID,SEGMENTNUMMER,SPOORSTATUS,SPOORID,SPECIAL) values ('7','3','vrij','2',null);
Insert into SEGMENT (SEGMENTID,SEGMENTNUMMER,SPOORSTATUS,SPOORID,SPECIAL) values ('8','4','vrij','2',null);
Insert into SEGMENT (SEGMENTID,SEGMENTNUMMER,SPOORSTATUS,SPOORID,SPECIAL) values ('9','1','vrij','3',null);
Insert into SEGMENT (SEGMENTID,SEGMENTNUMMER,SPOORSTATUS,SPOORID,SPECIAL) values ('10','2','vrij','3',null);
Insert into SEGMENT (SEGMENTID,SEGMENTNUMMER,SPOORSTATUS,SPOORID,SPECIAL) values ('11','3','vrij','3',null);
Insert into SEGMENT (SEGMENTID,SEGMENTNUMMER,SPOORSTATUS,SPOORID,SPECIAL) values ('12','4','vrij','3','uitrijdding');
Insert into SEGMENT (SEGMENTID,SEGMENTNUMMER,SPOORSTATUS,SPOORID,SPECIAL) values ('13','1','vrij','4',null);
Insert into SEGMENT (SEGMENTID,SEGMENTNUMMER,SPOORSTATUS,SPOORID,SPECIAL) values ('14','2','vrij','4',null);
Insert into SEGMENT (SEGMENTID,SEGMENTNUMMER,SPOORSTATUS,SPOORID,SPECIAL) values ('15','3','vrij','4',null);
Insert into SEGMENT (SEGMENTID,SEGMENTNUMMER,SPOORSTATUS,SPOORID,SPECIAL) values ('16','4','vrij','4',null);
Insert into SEGMENT (SEGMENTID,SEGMENTNUMMER,SPOORSTATUS,SPOORID,SPECIAL) values ('17','1','geblokkeerd','5',null);
Insert into SEGMENT (SEGMENTID,SEGMENTNUMMER,SPOORSTATUS,SPOORID,SPECIAL) values ('18','2','geblokkeerd','5',null);
Insert into SEGMENT (SEGMENTID,SEGMENTNUMMER,SPOORSTATUS,SPOORID,SPECIAL) values ('19','3','geblokkeerd','5',null);
Insert into SEGMENT (SEGMENTID,SEGMENTNUMMER,SPOORSTATUS,SPOORID,SPECIAL) values ('20','4','geblokkeerd','5','uitrijdding');
Insert into SEGMENT (SEGMENTID,SEGMENTNUMMER,SPOORSTATUS,SPOORID,SPECIAL) values ('21','1','vrij','6',null);
Insert into SEGMENT (SEGMENTID,SEGMENTNUMMER,SPOORSTATUS,SPOORID,SPECIAL) values ('22','2','vrij','6',null);
Insert into SEGMENT (SEGMENTID,SEGMENTNUMMER,SPOORSTATUS,SPOORID,SPECIAL) values ('23','3','vrij','6',null);
Insert into SEGMENT (SEGMENTID,SEGMENTNUMMER,SPOORSTATUS,SPOORID,SPECIAL) values ('24','4','vrij','6',null);
Insert into SEGMENT (SEGMENTID,SEGMENTNUMMER,SPOORSTATUS,SPOORID,SPECIAL) values ('25','1','vrij','7',null);
Insert into SEGMENT (SEGMENTID,SEGMENTNUMMER,SPOORSTATUS,SPOORID,SPECIAL) values ('26','2','vrij','7',null);
Insert into SEGMENT (SEGMENTID,SEGMENTNUMMER,SPOORSTATUS,SPOORID,SPECIAL) values ('27','3','vrij','7',null);
Insert into SEGMENT (SEGMENTID,SEGMENTNUMMER,SPOORSTATUS,SPOORID,SPECIAL) values ('28','4','geblokkeerd','7','uitrijdding');
Insert into SEGMENT (SEGMENTID,SEGMENTNUMMER,SPOORSTATUS,SPOORID,SPECIAL) values ('29','1','vrij','8',null);
Insert into SEGMENT (SEGMENTID,SEGMENTNUMMER,SPOORSTATUS,SPOORID,SPECIAL) values ('30','2','vrij','8',null);
Insert into SEGMENT (SEGMENTID,SEGMENTNUMMER,SPOORSTATUS,SPOORID,SPECIAL) values ('31','3','geblokkeerd','8','uitrijdding');
Insert into SEGMENT (SEGMENTID,SEGMENTNUMMER,SPOORSTATUS,SPOORID,SPECIAL) values ('32','1','vrij','9',null);
Insert into SEGMENT (SEGMENTID,SEGMENTNUMMER,SPOORSTATUS,SPOORID,SPECIAL) values ('33','2','vrij','9',null);
Insert into SEGMENT (SEGMENTID,SEGMENTNUMMER,SPOORSTATUS,SPOORID,SPECIAL) values ('34','3','geblokkeerd','9','uitrijdding');
Insert into SEGMENT (SEGMENTID,SEGMENTNUMMER,SPOORSTATUS,SPOORID,SPECIAL) values ('35','1','vrij','10',null);
Insert into SEGMENT (SEGMENTID,SEGMENTNUMMER,SPOORSTATUS,SPOORID,SPECIAL) values ('36','2','vrij','10',null);
Insert into SEGMENT (SEGMENTID,SEGMENTNUMMER,SPOORSTATUS,SPOORID,SPECIAL) values ('37','3','vrij','10',null);
Insert into SEGMENT (SEGMENTID,SEGMENTNUMMER,SPOORSTATUS,SPOORID,SPECIAL) values ('38','4','vrij','10',null);
Insert into SEGMENT (SEGMENTID,SEGMENTNUMMER,SPOORSTATUS,SPOORID,SPECIAL) values ('39','5','vrij','10',null);
Insert into SEGMENT (SEGMENTID,SEGMENTNUMMER,SPOORSTATUS,SPOORID,SPECIAL) values ('40','6','vrij','10',null);
Insert into SEGMENT (SEGMENTID,SEGMENTNUMMER,SPOORSTATUS,SPOORID,SPECIAL) values ('41','7','vrij','10',null);
Insert into SEGMENT (SEGMENTID,SEGMENTNUMMER,SPOORSTATUS,SPOORID,SPECIAL) values ('42','1','vrij','11',null);
Insert into SEGMENT (SEGMENTID,SEGMENTNUMMER,SPOORSTATUS,SPOORID,SPECIAL) values ('43','2','vrij','11',null);
Insert into SEGMENT (SEGMENTID,SEGMENTNUMMER,SPOORSTATUS,SPOORID,SPECIAL) values ('44','3','vrij','11',null);
Insert into SEGMENT (SEGMENTID,SEGMENTNUMMER,SPOORSTATUS,SPOORID,SPECIAL) values ('45','4','vrij','11',null);
Insert into SEGMENT (SEGMENTID,SEGMENTNUMMER,SPOORSTATUS,SPOORID,SPECIAL) values ('46','1','vrij','12',null);
Insert into SEGMENT (SEGMENTID,SEGMENTNUMMER,SPOORSTATUS,SPOORID,SPECIAL) values ('47','2','vrij','12',null);
Insert into SEGMENT (SEGMENTID,SEGMENTNUMMER,SPOORSTATUS,SPOORID,SPECIAL) values ('48','3','vrij','12',null);
Insert into SEGMENT (SEGMENTID,SEGMENTNUMMER,SPOORSTATUS,SPOORID,SPECIAL) values ('49','4','vrij','12',null);
Insert into SEGMENT (SEGMENTID,SEGMENTNUMMER,SPOORSTATUS,SPOORID,SPECIAL) values ('50','1','vrij','13',null);
Insert into SEGMENT (SEGMENTID,SEGMENTNUMMER,SPOORSTATUS,SPOORID,SPECIAL) values ('51','2','vrij','13',null);
Insert into SEGMENT (SEGMENTID,SEGMENTNUMMER,SPOORSTATUS,SPOORID,SPECIAL) values ('52','3','vrij','13',null);
Insert into SEGMENT (SEGMENTID,SEGMENTNUMMER,SPOORSTATUS,SPOORID,SPECIAL) values ('53','4','vrij','13',null);
Insert into SEGMENT (SEGMENTID,SEGMENTNUMMER,SPOORSTATUS,SPOORID,SPECIAL) values ('54','1','vrij','14',null);
Insert into SEGMENT (SEGMENTID,SEGMENTNUMMER,SPOORSTATUS,SPOORID,SPECIAL) values ('55','2','vrij','14',null);
Insert into SEGMENT (SEGMENTID,SEGMENTNUMMER,SPOORSTATUS,SPOORID,SPECIAL) values ('56','3','vrij','14',null);
Insert into SEGMENT (SEGMENTID,SEGMENTNUMMER,SPOORSTATUS,SPOORID,SPECIAL) values ('57','4','vrij','14',null);
Insert into SEGMENT (SEGMENTID,SEGMENTNUMMER,SPOORSTATUS,SPOORID,SPECIAL) values ('58','1','vrij','15',null);
Insert into SEGMENT (SEGMENTID,SEGMENTNUMMER,SPOORSTATUS,SPOORID,SPECIAL) values ('59','2','vrij','15',null);
Insert into SEGMENT (SEGMENTID,SEGMENTNUMMER,SPOORSTATUS,SPOORID,SPECIAL) values ('60','3','vrij','15',null);
Insert into SEGMENT (SEGMENTID,SEGMENTNUMMER,SPOORSTATUS,SPOORID,SPECIAL) values ('61','4','vrij','15',null);
Insert into SEGMENT (SEGMENTID,SEGMENTNUMMER,SPOORSTATUS,SPOORID,SPECIAL) values ('62','5','vrij','15',null);
Insert into SEGMENT (SEGMENTID,SEGMENTNUMMER,SPOORSTATUS,SPOORID,SPECIAL) values ('63','6','vrij','15',null);
Insert into SEGMENT (SEGMENTID,SEGMENTNUMMER,SPOORSTATUS,SPOORID,SPECIAL) values ('64','7','vrij','15',null);
Insert into SEGMENT (SEGMENTID,SEGMENTNUMMER,SPOORSTATUS,SPOORID,SPECIAL) values ('65','8','vrij','15',null);
Insert into SEGMENT (SEGMENTID,SEGMENTNUMMER,SPOORSTATUS,SPOORID,SPECIAL) values ('66','9','vrij','15',null);
Insert into SEGMENT (SEGMENTID,SEGMENTNUMMER,SPOORSTATUS,SPOORID,SPECIAL) values ('67','10','vrij','15',null);
Insert into SEGMENT (SEGMENTID,SEGMENTNUMMER,SPOORSTATUS,SPOORID,SPECIAL) values ('68','1','vrij','16',null);
Insert into SEGMENT (SEGMENTID,SEGMENTNUMMER,SPOORSTATUS,SPOORID,SPECIAL) values ('69','2','vrij','16',null);
Insert into SEGMENT (SEGMENTID,SEGMENTNUMMER,SPOORSTATUS,SPOORID,SPECIAL) values ('70','3','vrij','16',null);
Insert into SEGMENT (SEGMENTID,SEGMENTNUMMER,SPOORSTATUS,SPOORID,SPECIAL) values ('71','4','vrij','16',null);
Insert into SEGMENT (SEGMENTID,SEGMENTNUMMER,SPOORSTATUS,SPOORID,SPECIAL) values ('72','1','vrij','17',null);
Insert into SEGMENT (SEGMENTID,SEGMENTNUMMER,SPOORSTATUS,SPOORID,SPECIAL) values ('73','2','vrij','17',null);
Insert into SEGMENT (SEGMENTID,SEGMENTNUMMER,SPOORSTATUS,SPOORID,SPECIAL) values ('74','3','vrij','17',null);
Insert into SEGMENT (SEGMENTID,SEGMENTNUMMER,SPOORSTATUS,SPOORID,SPECIAL) values ('75','4','vrij','17',null);
Insert into SEGMENT (SEGMENTID,SEGMENTNUMMER,SPOORSTATUS,SPOORID,SPECIAL) values ('76','5','vrij','17',null);
Insert into SEGMENT (SEGMENTID,SEGMENTNUMMER,SPOORSTATUS,SPOORID,SPECIAL) values ('77','6','vrij','17',null);
Insert into SEGMENT (SEGMENTID,SEGMENTNUMMER,SPOORSTATUS,SPOORID,SPECIAL) values ('78','7','vrij','17',null);
Insert into SEGMENT (SEGMENTID,SEGMENTNUMMER,SPOORSTATUS,SPOORID,SPECIAL) values ('79','8','vrij','17',null);
Insert into SEGMENT (SEGMENTID,SEGMENTNUMMER,SPOORSTATUS,SPOORID,SPECIAL) values ('80','1','vrij','18',null);
Insert into SEGMENT (SEGMENTID,SEGMENTNUMMER,SPOORSTATUS,SPOORID,SPECIAL) values ('81','2','vrij','18',null);
Insert into SEGMENT (SEGMENTID,SEGMENTNUMMER,SPOORSTATUS,SPOORID,SPECIAL) values ('82','3','vrij','18',null);
Insert into SEGMENT (SEGMENTID,SEGMENTNUMMER,SPOORSTATUS,SPOORID,SPECIAL) values ('83','4','vrij','18',null);
Insert into SEGMENT (SEGMENTID,SEGMENTNUMMER,SPOORSTATUS,SPOORID,SPECIAL) values ('84','5','vrij','18','permanent');
Insert into SEGMENT (SEGMENTID,SEGMENTNUMMER,SPOORSTATUS,SPOORID,SPECIAL) values ('85','6','vrij','18',null);
Insert into SEGMENT (SEGMENTID,SEGMENTNUMMER,SPOORSTATUS,SPOORID,SPECIAL) values ('86','7','vrij','18',null);
Insert into SEGMENT (SEGMENTID,SEGMENTNUMMER,SPOORSTATUS,SPOORID,SPECIAL) values ('87','1','vrij','19',null);
Insert into SEGMENT (SEGMENTID,SEGMENTNUMMER,SPOORSTATUS,SPOORID,SPECIAL) values ('88','2','vrij','19',null);
Insert into SEGMENT (SEGMENTID,SEGMENTNUMMER,SPOORSTATUS,SPOORID,SPECIAL) values ('89','3','vrij','19',null);
Insert into SEGMENT (SEGMENTID,SEGMENTNUMMER,SPOORSTATUS,SPOORID,SPECIAL) values ('90','4','vrij','19',null);
Insert into SEGMENT (SEGMENTID,SEGMENTNUMMER,SPOORSTATUS,SPOORID,SPECIAL) values ('91','5','vrij','19','permanent');
Insert into SEGMENT (SEGMENTID,SEGMENTNUMMER,SPOORSTATUS,SPOORID,SPECIAL) values ('92','6','vrij','19',null);
Insert into SEGMENT (SEGMENTID,SEGMENTNUMMER,SPOORSTATUS,SPOORID,SPECIAL) values ('93','7','vrij','19',null);
Insert into SEGMENT (SEGMENTID,SEGMENTNUMMER,SPOORSTATUS,SPOORID,SPECIAL) values ('94','1','vrij','20',null);
Insert into SEGMENT (SEGMENTID,SEGMENTNUMMER,SPOORSTATUS,SPOORID,SPECIAL) values ('95','2','vrij','20',null);
Insert into SEGMENT (SEGMENTID,SEGMENTNUMMER,SPOORSTATUS,SPOORID,SPECIAL) values ('96','3','vrij','20',null);
Insert into SEGMENT (SEGMENTID,SEGMENTNUMMER,SPOORSTATUS,SPOORID,SPECIAL) values ('97','4','vrij','20',null);
Insert into SEGMENT (SEGMENTID,SEGMENTNUMMER,SPOORSTATUS,SPOORID,SPECIAL) values ('98','5','vrij','20',null);
Insert into SEGMENT (SEGMENTID,SEGMENTNUMMER,SPOORSTATUS,SPOORID,SPECIAL) values ('99','6','vrij','20',null);
Insert into SEGMENT (SEGMENTID,SEGMENTNUMMER,SPOORSTATUS,SPOORID,SPECIAL) values ('100','7','vrij','20',null);
Insert into SEGMENT (SEGMENTID,SEGMENTNUMMER,SPOORSTATUS,SPOORID,SPECIAL) values ('101','1','vrij','21',null);
Insert into SEGMENT (SEGMENTID,SEGMENTNUMMER,SPOORSTATUS,SPOORID,SPECIAL) values ('102','2','vrij','21',null);
Insert into SEGMENT (SEGMENTID,SEGMENTNUMMER,SPOORSTATUS,SPOORID,SPECIAL) values ('103','3','vrij','21',null);
Insert into SEGMENT (SEGMENTID,SEGMENTNUMMER,SPOORSTATUS,SPOORID,SPECIAL) values ('104','4','vrij','21','permanent');
Insert into SEGMENT (SEGMENTID,SEGMENTNUMMER,SPOORSTATUS,SPOORID,SPECIAL) values ('105','5','vrij','21',null);
Insert into SEGMENT (SEGMENTID,SEGMENTNUMMER,SPOORSTATUS,SPOORID,SPECIAL) values ('106','6','vrij','21',null);
Insert into SEGMENT (SEGMENTID,SEGMENTNUMMER,SPOORSTATUS,SPOORID,SPECIAL) values ('107','1','vrij','22',null);
Insert into SEGMENT (SEGMENTID,SEGMENTNUMMER,SPOORSTATUS,SPOORID,SPECIAL) values ('108','2','vrij','22',null);
Insert into SEGMENT (SEGMENTID,SEGMENTNUMMER,SPOORSTATUS,SPOORID,SPECIAL) values ('109','3','vrij','22',null);
Insert into SEGMENT (SEGMENTID,SEGMENTNUMMER,SPOORSTATUS,SPOORID,SPECIAL) values ('110','4','vrij','22','permanent');
Insert into SEGMENT (SEGMENTID,SEGMENTNUMMER,SPOORSTATUS,SPOORID,SPECIAL) values ('111','5','vrij','22',null);
Insert into SEGMENT (SEGMENTID,SEGMENTNUMMER,SPOORSTATUS,SPOORID,SPECIAL) values ('112','6','vrij','22',null);
Insert into SEGMENT (SEGMENTID,SEGMENTNUMMER,SPOORSTATUS,SPOORID,SPECIAL) values ('113','1','vrij','23',null);
Insert into SEGMENT (SEGMENTID,SEGMENTNUMMER,SPOORSTATUS,SPOORID,SPECIAL) values ('114','2','vrij','23',null);
Insert into SEGMENT (SEGMENTID,SEGMENTNUMMER,SPOORSTATUS,SPOORID,SPECIAL) values ('115','3','vrij','23','permanent');
Insert into SEGMENT (SEGMENTID,SEGMENTNUMMER,SPOORSTATUS,SPOORID,SPECIAL) values ('116','4','vrij','23',null);
Insert into SEGMENT (SEGMENTID,SEGMENTNUMMER,SPOORSTATUS,SPOORID,SPECIAL) values ('117','5','geblokkeerd','23',null);
Insert into SEGMENT (SEGMENTID,SEGMENTNUMMER,SPOORSTATUS,SPOORID,SPECIAL) values ('118','1','vrij','24',null);
Insert into SEGMENT (SEGMENTID,SEGMENTNUMMER,SPOORSTATUS,SPOORID,SPECIAL) values ('119','2','vrij','24',null);
Insert into SEGMENT (SEGMENTID,SEGMENTNUMMER,SPOORSTATUS,SPOORID,SPECIAL) values ('120','3','vrij','24','permanent');
Insert into SEGMENT (SEGMENTID,SEGMENTNUMMER,SPOORSTATUS,SPOORID,SPECIAL) values ('121','4','geblokkeerd','24',null);
Insert into SEGMENT (SEGMENTID,SEGMENTNUMMER,SPOORSTATUS,SPOORID,SPECIAL) values ('122','1','vrij','25',null);
Insert into SEGMENT (SEGMENTID,SEGMENTNUMMER,SPOORSTATUS,SPOORID,SPECIAL) values ('123','2','vrij','25',null);
Insert into SEGMENT (SEGMENTID,SEGMENTNUMMER,SPOORSTATUS,SPOORID,SPECIAL) values ('124','3','vrij','25',null);
Insert into SEGMENT (SEGMENTID,SEGMENTNUMMER,SPOORSTATUS,SPOORID,SPECIAL) values ('125','4','vrij','25',null);
Insert into SEGMENT (SEGMENTID,SEGMENTNUMMER,SPOORSTATUS,SPOORID,SPECIAL) values ('126','1','vrij','26',null);
Insert into SEGMENT (SEGMENTID,SEGMENTNUMMER,SPOORSTATUS,SPOORID,SPECIAL) values ('127','2','vrij','26',null);
Insert into SEGMENT (SEGMENTID,SEGMENTNUMMER,SPOORSTATUS,SPOORID,SPECIAL) values ('128','1','vrij','27',null);
Insert into SEGMENT (SEGMENTID,SEGMENTNUMMER,SPOORSTATUS,SPOORID,SPECIAL) values ('129','2','vrij','27','permanent');
Insert into SEGMENT (SEGMENTID,SEGMENTNUMMER,SPOORSTATUS,SPOORID,SPECIAL) values ('130','1','vrij','28',null);
Insert into SEGMENT (SEGMENTID,SEGMENTNUMMER,SPOORSTATUS,SPOORID,SPECIAL) values ('131','2','vrij','28','permanent');
Insert into SEGMENT (SEGMENTID,SEGMENTNUMMER,SPOORSTATUS,SPOORID,SPECIAL) values ('132','3','vrij','28',null);
Insert into SEGMENT (SEGMENTID,SEGMENTNUMMER,SPOORSTATUS,SPOORID,SPECIAL) values ('133','4','vrij','28','permanent');
Insert into SEGMENT (SEGMENTID,SEGMENTNUMMER,SPOORSTATUS,SPOORID,SPECIAL) values ('134','5','vrij','28',null);
Insert into SEGMENT (SEGMENTID,SEGMENTNUMMER,SPOORSTATUS,SPOORID,SPECIAL) values ('135','1','vrij','29',null);
Insert into SEGMENT (SEGMENTID,SEGMENTNUMMER,SPOORSTATUS,SPOORID,SPECIAL) values ('136','2','vrij','29',null);
Insert into SEGMENT (SEGMENTID,SEGMENTNUMMER,SPOORSTATUS,SPOORID,SPECIAL) values ('137','3','vrij','29',null);
Insert into SEGMENT (SEGMENTID,SEGMENTNUMMER,SPOORSTATUS,SPOORID,SPECIAL) values ('138','4','vrij','29',null);
Insert into SEGMENT (SEGMENTID,SEGMENTNUMMER,SPOORSTATUS,SPOORID,SPECIAL) values ('139','5','vrij','29',null);
Insert into SEGMENT (SEGMENTID,SEGMENTNUMMER,SPOORSTATUS,SPOORID,SPECIAL) values ('140','1','vrij','30',null);
Insert into SEGMENT (SEGMENTID,SEGMENTNUMMER,SPOORSTATUS,SPOORID,SPECIAL) values ('141','2','vrij','30',null);
Insert into SEGMENT (SEGMENTID,SEGMENTNUMMER,SPOORSTATUS,SPOORID,SPECIAL) values ('142','3','vrij','30',null);
Insert into SEGMENT (SEGMENTID,SEGMENTNUMMER,SPOORSTATUS,SPOORID,SPECIAL) values ('143','4','vrij','30',null);
Insert into SEGMENT (SEGMENTID,SEGMENTNUMMER,SPOORSTATUS,SPOORID,SPECIAL) values ('144','5','vrij','30',null);
Insert into SEGMENT (SEGMENTID,SEGMENTNUMMER,SPOORSTATUS,SPOORID,SPECIAL) values ('145','1','vrij','31',null);
Insert into SEGMENT (SEGMENTID,SEGMENTNUMMER,SPOORSTATUS,SPOORID,SPECIAL) values ('146','2','vrij','31',null);
Insert into SEGMENT (SEGMENTID,SEGMENTNUMMER,SPOORSTATUS,SPOORID,SPECIAL) values ('147','3','vrij','31',null);
Insert into SEGMENT (SEGMENTID,SEGMENTNUMMER,SPOORSTATUS,SPOORID,SPECIAL) values ('148','4','vrij','31',null);
Insert into SEGMENT (SEGMENTID,SEGMENTNUMMER,SPOORSTATUS,SPOORID,SPECIAL) values ('149','5','vrij','31',null);
Insert into SEGMENT (SEGMENTID,SEGMENTNUMMER,SPOORSTATUS,SPOORID,SPECIAL) values ('150','1','vrij','32',null);
Insert into SEGMENT (SEGMENTID,SEGMENTNUMMER,SPOORSTATUS,SPOORID,SPECIAL) values ('151','1','vrij','33',null);
Insert into SEGMENT (SEGMENTID,SEGMENTNUMMER,SPOORSTATUS,SPOORID,SPECIAL) values ('152','1','vrij','34',null);
Insert into SEGMENT (SEGMENTID,SEGMENTNUMMER,SPOORSTATUS,SPOORID,SPECIAL) values ('153','1','vrij','35',null);
Insert into SEGMENT (SEGMENTID,SEGMENTNUMMER,SPOORSTATUS,SPOORID,SPECIAL) values ('154','1','vrij','36',null);
Insert into SEGMENT (SEGMENTID,SEGMENTNUMMER,SPOORSTATUS,SPOORID,SPECIAL) values ('155','1','vrij','37',null);
Insert into SEGMENT (SEGMENTID,SEGMENTNUMMER,SPOORSTATUS,SPOORID,SPECIAL) values ('156','1','vrij','38',null);
Insert into SEGMENT (SEGMENTID,SEGMENTNUMMER,SPOORSTATUS,SPOORID,SPECIAL) values ('157','1','vrij','39',null);
Insert into SEGMENT (SEGMENTID,SEGMENTNUMMER,SPOORSTATUS,SPOORID,SPECIAL) values ('158','1','vrij','40',null);
Insert into SEGMENT (SEGMENTID,SEGMENTNUMMER,SPOORSTATUS,SPOORID,SPECIAL) values ('159','1','vrij','41',null);
REM INSERTING into SPOOR
SET DEFINE OFF;
Insert into SPOOR (SPOORID,SPOORNUMMER,SPOORSTATUS,REMISEID) values ('1','38','vrij',null);
Insert into SPOOR (SPOORID,SPOORNUMMER,SPOORSTATUS,REMISEID) values ('2','37','vrij',null);
Insert into SPOOR (SPOORID,SPOORNUMMER,SPOORSTATUS,REMISEID) values ('3','36','vrij',null);
Insert into SPOOR (SPOORID,SPOORNUMMER,SPOORSTATUS,REMISEID) values ('4','35','vrij',null);
Insert into SPOOR (SPOORID,SPOORNUMMER,SPOORSTATUS,REMISEID) values ('5','34','geblokkeerd',null);
Insert into SPOOR (SPOORID,SPOORNUMMER,SPOORSTATUS,REMISEID) values ('6','33','vrij',null);
Insert into SPOOR (SPOORID,SPOORNUMMER,SPOORSTATUS,REMISEID) values ('7','32','vrij',null);
Insert into SPOOR (SPOORID,SPOORNUMMER,SPOORSTATUS,REMISEID) values ('8','31','vrij',null);
Insert into SPOOR (SPOORID,SPOORNUMMER,SPOORSTATUS,REMISEID) values ('9','30','vrij',null);
Insert into SPOOR (SPOORID,SPOORNUMMER,SPOORSTATUS,REMISEID) values ('10','40','vrij',null);
Insert into SPOOR (SPOORID,SPOORNUMMER,SPOORSTATUS,REMISEID) values ('11','41','vrij',null);
Insert into SPOOR (SPOORID,SPOORNUMMER,SPOORSTATUS,REMISEID) values ('12','42','vrij',null);
Insert into SPOOR (SPOORID,SPOORNUMMER,SPOORSTATUS,REMISEID) values ('13','43','vrij',null);
Insert into SPOOR (SPOORID,SPOORNUMMER,SPOORSTATUS,REMISEID) values ('14','44','vrij',null);
Insert into SPOOR (SPOORID,SPOORNUMMER,SPOORSTATUS,REMISEID) values ('15','45','vrij',null);
Insert into SPOOR (SPOORID,SPOORNUMMER,SPOORSTATUS,REMISEID) values ('16','58','vrij',null);
Insert into SPOOR (SPOORID,SPOORNUMMER,SPOORSTATUS,REMISEID) values ('17','57','vrij',null);
Insert into SPOOR (SPOORID,SPOORNUMMER,SPOORSTATUS,REMISEID) values ('18','56','vrij',null);
Insert into SPOOR (SPOORID,SPOORNUMMER,SPOORSTATUS,REMISEID) values ('19','55','vrij',null);
Insert into SPOOR (SPOORID,SPOORNUMMER,SPOORSTATUS,REMISEID) values ('20','54','vrij',null);
Insert into SPOOR (SPOORID,SPOORNUMMER,SPOORSTATUS,REMISEID) values ('21','53','vrij',null);
Insert into SPOOR (SPOORID,SPOORNUMMER,SPOORSTATUS,REMISEID) values ('22','52','vrij',null);
Insert into SPOOR (SPOORID,SPOORNUMMER,SPOORSTATUS,REMISEID) values ('23','51','vrij',null);
Insert into SPOOR (SPOORID,SPOORNUMMER,SPOORSTATUS,REMISEID) values ('24','64','vrij',null);
Insert into SPOOR (SPOORID,SPOORNUMMER,SPOORSTATUS,REMISEID) values ('25','63','vrij',null);
Insert into SPOOR (SPOORID,SPOORNUMMER,SPOORSTATUS,REMISEID) values ('26','62','vrij',null);
Insert into SPOOR (SPOORID,SPOORNUMMER,SPOORSTATUS,REMISEID) values ('27','61','vrij',null);
Insert into SPOOR (SPOORID,SPOORNUMMER,SPOORSTATUS,REMISEID) values ('28','74','vrij',null);
Insert into SPOOR (SPOORID,SPOORNUMMER,SPOORSTATUS,REMISEID) values ('29','75','vrij',null);
Insert into SPOOR (SPOORID,SPOORNUMMER,SPOORSTATUS,REMISEID) values ('30','76','vrij',null);
Insert into SPOOR (SPOORID,SPOORNUMMER,SPOORSTATUS,REMISEID) values ('31','77','vrij',null);
Insert into SPOOR (SPOORID,SPOORNUMMER,SPOORSTATUS,REMISEID) values ('32','12','vrij',null);
Insert into SPOOR (SPOORID,SPOORNUMMER,SPOORSTATUS,REMISEID) values ('33','13','vrij',null);
Insert into SPOOR (SPOORID,SPOORNUMMER,SPOORSTATUS,REMISEID) values ('34','14','vrij',null);
Insert into SPOOR (SPOORID,SPOORNUMMER,SPOORSTATUS,REMISEID) values ('35','15','vrij',null);
Insert into SPOOR (SPOORID,SPOORNUMMER,SPOORSTATUS,REMISEID) values ('36','16','vrij',null);
Insert into SPOOR (SPOORID,SPOORNUMMER,SPOORSTATUS,REMISEID) values ('37','17','vrij',null);
Insert into SPOOR (SPOORID,SPOORNUMMER,SPOORSTATUS,REMISEID) values ('38','18','vrij',null);
Insert into SPOOR (SPOORID,SPOORNUMMER,SPOORSTATUS,REMISEID) values ('39','19','vrij',null);
Insert into SPOOR (SPOORID,SPOORNUMMER,SPOORSTATUS,REMISEID) values ('40','20','vrij',null);
Insert into SPOOR (SPOORID,SPOORNUMMER,SPOORSTATUS,REMISEID) values ('41','21','vrij',null);
REM INSERTING into SPOOR_TRAM
SET DEFINE OFF;
Insert into SPOOR_TRAM (SPOORID,TRAMID) values (null,null);
REM INSERTING into TRAM
SET DEFINE OFF;
Insert into TRAM (TRAMID,TRAMTYPE,TRAMNUMMER,STATUS,RFIDCODE,LIJNNR,REMISEID,STATUSAANWEZIG) values ('1','combino','2001',null,'2800b3779b','1','1','0');
Insert into TRAM (TRAMID,TRAMTYPE,TRAMNUMMER,STATUS,RFIDCODE,LIJNNR,REMISEID,STATUSAANWEZIG) values ('2','combino','2002',null,'001','1','1','0');
Insert into TRAM (TRAMID,TRAMTYPE,TRAMNUMMER,STATUS,RFIDCODE,LIJNNR,REMISEID,STATUSAANWEZIG) values ('3','combino','2003',null,'002','1','1','0');
Insert into TRAM (TRAMID,TRAMTYPE,TRAMNUMMER,STATUS,RFIDCODE,LIJNNR,REMISEID,STATUSAANWEZIG) values ('4','combino','2004',null,'003','1','1','0');
Insert into TRAM (TRAMID,TRAMTYPE,TRAMNUMMER,STATUS,RFIDCODE,LIJNNR,REMISEID,STATUSAANWEZIG) values ('5','combino','2005',null,'004','1','1','0');
Insert into TRAM (TRAMID,TRAMTYPE,TRAMNUMMER,STATUS,RFIDCODE,LIJNNR,REMISEID,STATUSAANWEZIG) values ('6','combino','2006',null,'005','1','1','0');
Insert into TRAM (TRAMID,TRAMTYPE,TRAMNUMMER,STATUS,RFIDCODE,LIJNNR,REMISEID,STATUSAANWEZIG) values ('7','combino','2007',null,'006','1','1','0');
Insert into TRAM (TRAMID,TRAMTYPE,TRAMNUMMER,STATUS,RFIDCODE,LIJNNR,REMISEID,STATUSAANWEZIG) values ('8','combino','2008',null,'007','1','1','0');
Insert into TRAM (TRAMID,TRAMTYPE,TRAMNUMMER,STATUS,RFIDCODE,LIJNNR,REMISEID,STATUSAANWEZIG) values ('9','combino','2009',null,'008','1','1','0');
Insert into TRAM (TRAMID,TRAMTYPE,TRAMNUMMER,STATUS,RFIDCODE,LIJNNR,REMISEID,STATUSAANWEZIG) values ('10','combino','2010',null,'009','1','1','0');
Insert into TRAM (TRAMID,TRAMTYPE,TRAMNUMMER,STATUS,RFIDCODE,LIJNNR,REMISEID,STATUSAANWEZIG) values ('11','combino','2011',null,'010','1','1','0');
Insert into TRAM (TRAMID,TRAMTYPE,TRAMNUMMER,STATUS,RFIDCODE,LIJNNR,REMISEID,STATUSAANWEZIG) values ('12','combino','2012',null,'011','1','1','0');
Insert into TRAM (TRAMID,TRAMTYPE,TRAMNUMMER,STATUS,RFIDCODE,LIJNNR,REMISEID,STATUSAANWEZIG) values ('13','combino','2013',null,'012','1','1','0');
Insert into TRAM (TRAMID,TRAMTYPE,TRAMNUMMER,STATUS,RFIDCODE,LIJNNR,REMISEID,STATUSAANWEZIG) values ('14','combino','2014',null,'013','1','1','0');
Insert into TRAM (TRAMID,TRAMTYPE,TRAMNUMMER,STATUS,RFIDCODE,LIJNNR,REMISEID,STATUSAANWEZIG) values ('15','combino','2015',null,'014','1','1','0');
Insert into TRAM (TRAMID,TRAMTYPE,TRAMNUMMER,STATUS,RFIDCODE,LIJNNR,REMISEID,STATUSAANWEZIG) values ('16','combino','2016',null,'015','1','1','0');
Insert into TRAM (TRAMID,TRAMTYPE,TRAMNUMMER,STATUS,RFIDCODE,LIJNNR,REMISEID,STATUSAANWEZIG) values ('17','combino','2017',null,'016','1','1','0');
Insert into TRAM (TRAMID,TRAMTYPE,TRAMNUMMER,STATUS,RFIDCODE,LIJNNR,REMISEID,STATUSAANWEZIG) values ('18','combino','2018',null,'017','1','1','0');
Insert into TRAM (TRAMID,TRAMTYPE,TRAMNUMMER,STATUS,RFIDCODE,LIJNNR,REMISEID,STATUSAANWEZIG) values ('19','combino','2019',null,'018','1','1','0');
Insert into TRAM (TRAMID,TRAMTYPE,TRAMNUMMER,STATUS,RFIDCODE,LIJNNR,REMISEID,STATUSAANWEZIG) values ('20','combino','2020',null,'019','1','1','0');
Insert into TRAM (TRAMID,TRAMTYPE,TRAMNUMMER,STATUS,RFIDCODE,LIJNNR,REMISEID,STATUSAANWEZIG) values ('21','combino','2021',null,'020','2','1','0');
Insert into TRAM (TRAMID,TRAMTYPE,TRAMNUMMER,STATUS,RFIDCODE,LIJNNR,REMISEID,STATUSAANWEZIG) values ('22','combino','2022',null,'021','2','1','0');
Insert into TRAM (TRAMID,TRAMTYPE,TRAMNUMMER,STATUS,RFIDCODE,LIJNNR,REMISEID,STATUSAANWEZIG) values ('23','combino','2023',null,'022','2','1','0');
Insert into TRAM (TRAMID,TRAMTYPE,TRAMNUMMER,STATUS,RFIDCODE,LIJNNR,REMISEID,STATUSAANWEZIG) values ('24','combino','2024',null,'023','2','1','0');
Insert into TRAM (TRAMID,TRAMTYPE,TRAMNUMMER,STATUS,RFIDCODE,LIJNNR,REMISEID,STATUSAANWEZIG) values ('25','combino','2025',null,'024','2','1','0');
Insert into TRAM (TRAMID,TRAMTYPE,TRAMNUMMER,STATUS,RFIDCODE,LIJNNR,REMISEID,STATUSAANWEZIG) values ('26','combino','2026',null,'025','2','1','0');
Insert into TRAM (TRAMID,TRAMTYPE,TRAMNUMMER,STATUS,RFIDCODE,LIJNNR,REMISEID,STATUSAANWEZIG) values ('27','combino','2027',null,'026','2','1','0');
Insert into TRAM (TRAMID,TRAMTYPE,TRAMNUMMER,STATUS,RFIDCODE,LIJNNR,REMISEID,STATUSAANWEZIG) values ('28','combino','2028',null,'027','2','1','0');
Insert into TRAM (TRAMID,TRAMTYPE,TRAMNUMMER,STATUS,RFIDCODE,LIJNNR,REMISEID,STATUSAANWEZIG) values ('29','combino','2029',null,'028','2','1','0');
Insert into TRAM (TRAMID,TRAMTYPE,TRAMNUMMER,STATUS,RFIDCODE,LIJNNR,REMISEID,STATUSAANWEZIG) values ('30','combino','2030',null,'029','2','1','0');
Insert into TRAM (TRAMID,TRAMTYPE,TRAMNUMMER,STATUS,RFIDCODE,LIJNNR,REMISEID,STATUSAANWEZIG) values ('31','combino','2031',null,'030','2','1','0');
Insert into TRAM (TRAMID,TRAMTYPE,TRAMNUMMER,STATUS,RFIDCODE,LIJNNR,REMISEID,STATUSAANWEZIG) values ('32','combino','2032',null,'031','2','1','0');
Insert into TRAM (TRAMID,TRAMTYPE,TRAMNUMMER,STATUS,RFIDCODE,LIJNNR,REMISEID,STATUSAANWEZIG) values ('33','combino','2033',null,'032','2','1','0');
Insert into TRAM (TRAMID,TRAMTYPE,TRAMNUMMER,STATUS,RFIDCODE,LIJNNR,REMISEID,STATUSAANWEZIG) values ('34','combino','2034',null,'033','2','1','0');
Insert into TRAM (TRAMID,TRAMTYPE,TRAMNUMMER,STATUS,RFIDCODE,LIJNNR,REMISEID,STATUSAANWEZIG) values ('35','combino','2035',null,'034','2','1','0');
Insert into TRAM (TRAMID,TRAMTYPE,TRAMNUMMER,STATUS,RFIDCODE,LIJNNR,REMISEID,STATUSAANWEZIG) values ('36','combino','2036',null,'035','2','1','0');
Insert into TRAM (TRAMID,TRAMTYPE,TRAMNUMMER,STATUS,RFIDCODE,LIJNNR,REMISEID,STATUSAANWEZIG) values ('37','combino','2037',null,'036','2','1','0');
Insert into TRAM (TRAMID,TRAMTYPE,TRAMNUMMER,STATUS,RFIDCODE,LIJNNR,REMISEID,STATUSAANWEZIG) values ('38','combino','2038',null,'037','2','1','0');
Insert into TRAM (TRAMID,TRAMTYPE,TRAMNUMMER,STATUS,RFIDCODE,LIJNNR,REMISEID,STATUSAANWEZIG) values ('39','combino','2039',null,'038','2','1','0');
Insert into TRAM (TRAMID,TRAMTYPE,TRAMNUMMER,STATUS,RFIDCODE,LIJNNR,REMISEID,STATUSAANWEZIG) values ('40','combino','2040',null,'039','2','1','0');
Insert into TRAM (TRAMID,TRAMTYPE,TRAMNUMMER,STATUS,RFIDCODE,LIJNNR,REMISEID,STATUSAANWEZIG) values ('41','combino','2041',null,'040','10','1','0');
Insert into TRAM (TRAMID,TRAMTYPE,TRAMNUMMER,STATUS,RFIDCODE,LIJNNR,REMISEID,STATUSAANWEZIG) values ('42','combino','2042',null,'041','10','1','0');
Insert into TRAM (TRAMID,TRAMTYPE,TRAMNUMMER,STATUS,RFIDCODE,LIJNNR,REMISEID,STATUSAANWEZIG) values ('43','combino','2043',null,'042','10','1','0');
Insert into TRAM (TRAMID,TRAMTYPE,TRAMNUMMER,STATUS,RFIDCODE,LIJNNR,REMISEID,STATUSAANWEZIG) values ('44','combino','2044',null,'043','10','1','0');
Insert into TRAM (TRAMID,TRAMTYPE,TRAMNUMMER,STATUS,RFIDCODE,LIJNNR,REMISEID,STATUSAANWEZIG) values ('45','combino','2045',null,'044','10','1','0');
Insert into TRAM (TRAMID,TRAMTYPE,TRAMNUMMER,STATUS,RFIDCODE,LIJNNR,REMISEID,STATUSAANWEZIG) values ('46','combino','2046',null,'045','10','1','0');
Insert into TRAM (TRAMID,TRAMTYPE,TRAMNUMMER,STATUS,RFIDCODE,LIJNNR,REMISEID,STATUSAANWEZIG) values ('47','combino','2047',null,'046','10','1','0');
Insert into TRAM (TRAMID,TRAMTYPE,TRAMNUMMER,STATUS,RFIDCODE,LIJNNR,REMISEID,STATUSAANWEZIG) values ('48','combino','2048',null,'047','10','1','0');
Insert into TRAM (TRAMID,TRAMTYPE,TRAMNUMMER,STATUS,RFIDCODE,LIJNNR,REMISEID,STATUSAANWEZIG) values ('49','combino','2049',null,'048','10','1','0');
Insert into TRAM (TRAMID,TRAMTYPE,TRAMNUMMER,STATUS,RFIDCODE,LIJNNR,REMISEID,STATUSAANWEZIG) values ('50','combino','2050',null,'049','10','1','0');
Insert into TRAM (TRAMID,TRAMTYPE,TRAMNUMMER,STATUS,RFIDCODE,LIJNNR,REMISEID,STATUSAANWEZIG) values ('51','combino','2051',null,'050','10','1','0');
Insert into TRAM (TRAMID,TRAMTYPE,TRAMNUMMER,STATUS,RFIDCODE,LIJNNR,REMISEID,STATUSAANWEZIG) values ('52','combino','2052',null,'051','10','1','0');
Insert into TRAM (TRAMID,TRAMTYPE,TRAMNUMMER,STATUS,RFIDCODE,LIJNNR,REMISEID,STATUSAANWEZIG) values ('53','combino','2053',null,'052','10','1','0');
Insert into TRAM (TRAMID,TRAMTYPE,TRAMNUMMER,STATUS,RFIDCODE,LIJNNR,REMISEID,STATUSAANWEZIG) values ('54','combino','2054',null,'053','10','1','0');
Insert into TRAM (TRAMID,TRAMTYPE,TRAMNUMMER,STATUS,RFIDCODE,LIJNNR,REMISEID,STATUSAANWEZIG) values ('55','combino','2055',null,'054','10','1','0');
Insert into TRAM (TRAMID,TRAMTYPE,TRAMNUMMER,STATUS,RFIDCODE,LIJNNR,REMISEID,STATUSAANWEZIG) values ('56','combino','2056',null,'055','10','1','0');
Insert into TRAM (TRAMID,TRAMTYPE,TRAMNUMMER,STATUS,RFIDCODE,LIJNNR,REMISEID,STATUSAANWEZIG) values ('57','combino','2057',null,'056','10','1','0');
Insert into TRAM (TRAMID,TRAMTYPE,TRAMNUMMER,STATUS,RFIDCODE,LIJNNR,REMISEID,STATUSAANWEZIG) values ('58','combino','2058',null,'057','10','1','0');
Insert into TRAM (TRAMID,TRAMTYPE,TRAMNUMMER,STATUS,RFIDCODE,LIJNNR,REMISEID,STATUSAANWEZIG) values ('59','combino','2059',null,'058','10','1','0');
Insert into TRAM (TRAMID,TRAMTYPE,TRAMNUMMER,STATUS,RFIDCODE,LIJNNR,REMISEID,STATUSAANWEZIG) values ('60','combino','2060',null,'059','10','1','0');
Insert into TRAM (TRAMID,TRAMTYPE,TRAMNUMMER,STATUS,RFIDCODE,LIJNNR,REMISEID,STATUSAANWEZIG) values ('61','combino','2061',null,'060','10','1','0');
Insert into TRAM (TRAMID,TRAMTYPE,TRAMNUMMER,STATUS,RFIDCODE,LIJNNR,REMISEID,STATUSAANWEZIG) values ('62','combino','2062',null,'061','10','1','0');
Insert into TRAM (TRAMID,TRAMTYPE,TRAMNUMMER,STATUS,RFIDCODE,LIJNNR,REMISEID,STATUSAANWEZIG) values ('63','combino','2063',null,'062','10','1','0');
Insert into TRAM (TRAMID,TRAMTYPE,TRAMNUMMER,STATUS,RFIDCODE,LIJNNR,REMISEID,STATUSAANWEZIG) values ('64','combino','2064',null,'063','10','1','0');
Insert into TRAM (TRAMID,TRAMTYPE,TRAMNUMMER,STATUS,RFIDCODE,LIJNNR,REMISEID,STATUSAANWEZIG) values ('65','combino','2065',null,'064','10','1','0');
Insert into TRAM (TRAMID,TRAMTYPE,TRAMNUMMER,STATUS,RFIDCODE,LIJNNR,REMISEID,STATUSAANWEZIG) values ('66','combino','2066',null,'065','10','1','0');
Insert into TRAM (TRAMID,TRAMTYPE,TRAMNUMMER,STATUS,RFIDCODE,LIJNNR,REMISEID,STATUSAANWEZIG) values ('67','combino','2067',null,'066','10','1','0');
Insert into TRAM (TRAMID,TRAMTYPE,TRAMNUMMER,STATUS,RFIDCODE,LIJNNR,REMISEID,STATUSAANWEZIG) values ('68','combino','2068',null,'067','10','1','0');
Insert into TRAM (TRAMID,TRAMTYPE,TRAMNUMMER,STATUS,RFIDCODE,LIJNNR,REMISEID,STATUSAANWEZIG) values ('69','combino','2069',null,'068','10','1','0');
Insert into TRAM (TRAMID,TRAMTYPE,TRAMNUMMER,STATUS,RFIDCODE,LIJNNR,REMISEID,STATUSAANWEZIG) values ('70','combino','2070',null,'069','10','1','0');
Insert into TRAM (TRAMID,TRAMTYPE,TRAMNUMMER,STATUS,RFIDCODE,LIJNNR,REMISEID,STATUSAANWEZIG) values ('71','combino','2071',null,'070','10','1','0');
Insert into TRAM (TRAMID,TRAMTYPE,TRAMNUMMER,STATUS,RFIDCODE,LIJNNR,REMISEID,STATUSAANWEZIG) values ('72','combino','2072',null,'071','10','1','0');
Insert into TRAM (TRAMID,TRAMTYPE,TRAMNUMMER,STATUS,RFIDCODE,LIJNNR,REMISEID,STATUSAANWEZIG) values ('73','11g','901',null,'2300fb53c0','5','1','0');
Insert into TRAM (TRAMID,TRAMTYPE,TRAMNUMMER,STATUS,RFIDCODE,LIJNNR,REMISEID,STATUSAANWEZIG) values ('74','11g','902',null,'072','5','1','0');
Insert into TRAM (TRAMID,TRAMTYPE,TRAMNUMMER,STATUS,RFIDCODE,LIJNNR,REMISEID,STATUSAANWEZIG) values ('75','11g','903',null,'073','5','1','0');
Insert into TRAM (TRAMID,TRAMTYPE,TRAMNUMMER,STATUS,RFIDCODE,LIJNNR,REMISEID,STATUSAANWEZIG) values ('76','11g','904',null,'074','5','1','0');
Insert into TRAM (TRAMID,TRAMTYPE,TRAMNUMMER,STATUS,RFIDCODE,LIJNNR,REMISEID,STATUSAANWEZIG) values ('77','11g','905',null,'075','5','1','0');
Insert into TRAM (TRAMID,TRAMTYPE,TRAMNUMMER,STATUS,RFIDCODE,LIJNNR,REMISEID,STATUSAANWEZIG) values ('78','11g','906',null,'076','5','1','0');
Insert into TRAM (TRAMID,TRAMTYPE,TRAMNUMMER,STATUS,RFIDCODE,LIJNNR,REMISEID,STATUSAANWEZIG) values ('79','11g','907',null,'077','5','1','0');
Insert into TRAM (TRAMID,TRAMTYPE,TRAMNUMMER,STATUS,RFIDCODE,LIJNNR,REMISEID,STATUSAANWEZIG) values ('80','11g','908',null,'078','5','1','0');
Insert into TRAM (TRAMID,TRAMTYPE,TRAMNUMMER,STATUS,RFIDCODE,LIJNNR,REMISEID,STATUSAANWEZIG) values ('81','11g','909',null,'079','5','1','0');
Insert into TRAM (TRAMID,TRAMTYPE,TRAMNUMMER,STATUS,RFIDCODE,LIJNNR,REMISEID,STATUSAANWEZIG) values ('82','11g','910',null,'080','5','1','0');
Insert into TRAM (TRAMID,TRAMTYPE,TRAMNUMMER,STATUS,RFIDCODE,LIJNNR,REMISEID,STATUSAANWEZIG) values ('83','11g','911',null,'081','5','1','0');
Insert into TRAM (TRAMID,TRAMTYPE,TRAMNUMMER,STATUS,RFIDCODE,LIJNNR,REMISEID,STATUSAANWEZIG) values ('84','11g','912',null,'082','5','1','0');
Insert into TRAM (TRAMID,TRAMTYPE,TRAMNUMMER,STATUS,RFIDCODE,LIJNNR,REMISEID,STATUSAANWEZIG) values ('85','11g','913',null,'083','5','1','0');
Insert into TRAM (TRAMID,TRAMTYPE,TRAMNUMMER,STATUS,RFIDCODE,LIJNNR,REMISEID,STATUSAANWEZIG) values ('86','11g','914',null,'084','5','1','0');
Insert into TRAM (TRAMID,TRAMTYPE,TRAMNUMMER,STATUS,RFIDCODE,LIJNNR,REMISEID,STATUSAANWEZIG) values ('87','11g','915',null,'085','5','1','0');
Insert into TRAM (TRAMID,TRAMTYPE,TRAMNUMMER,STATUS,RFIDCODE,LIJNNR,REMISEID,STATUSAANWEZIG) values ('88','11g','916',null,'086','5','1','0');
Insert into TRAM (TRAMID,TRAMTYPE,TRAMNUMMER,STATUS,RFIDCODE,LIJNNR,REMISEID,STATUSAANWEZIG) values ('89','11g','917',null,'087','5','1','0');
Insert into TRAM (TRAMID,TRAMTYPE,TRAMNUMMER,STATUS,RFIDCODE,LIJNNR,REMISEID,STATUSAANWEZIG) values ('90','11g','918',null,'088','5','1','0');
Insert into TRAM (TRAMID,TRAMTYPE,TRAMNUMMER,STATUS,RFIDCODE,LIJNNR,REMISEID,STATUSAANWEZIG) values ('91','11g','919',null,'089','5','1','0');
Insert into TRAM (TRAMID,TRAMTYPE,TRAMNUMMER,STATUS,RFIDCODE,LIJNNR,REMISEID,STATUSAANWEZIG) values ('92','11g','920',null,'090','5','1','0');
Insert into TRAM (TRAMID,TRAMTYPE,TRAMNUMMER,STATUS,RFIDCODE,LIJNNR,REMISEID,STATUSAANWEZIG) values ('93','dubbel kop combino','2201',null,'091','13','1','0');
Insert into TRAM (TRAMID,TRAMTYPE,TRAMNUMMER,STATUS,RFIDCODE,LIJNNR,REMISEID,STATUSAANWEZIG) values ('94','dubbel kop combino','2202',null,'092','13','1','0');
Insert into TRAM (TRAMID,TRAMTYPE,TRAMNUMMER,STATUS,RFIDCODE,LIJNNR,REMISEID,STATUSAANWEZIG) values ('95','dubbel kop combino','2203',null,'093','13','1','0');
Insert into TRAM (TRAMID,TRAMTYPE,TRAMNUMMER,STATUS,RFIDCODE,LIJNNR,REMISEID,STATUSAANWEZIG) values ('96','dubbel kop combino','2204',null,'094','13','1','0');
Insert into TRAM (TRAMID,TRAMTYPE,TRAMNUMMER,STATUS,RFIDCODE,LIJNNR,REMISEID,STATUSAANWEZIG) values ('97','12g','817',null,'2800367','16','1','0');
Insert into TRAM (TRAMID,TRAMTYPE,TRAMNUMMER,STATUS,RFIDCODE,LIJNNR,REMISEID,STATUSAANWEZIG) values ('98','12g','818',null,'095','16','1','0');
Insert into TRAM (TRAMID,TRAMTYPE,TRAMNUMMER,STATUS,RFIDCODE,LIJNNR,REMISEID,STATUSAANWEZIG) values ('99','12g','819',null,'096','16','1','0');
Insert into TRAM (TRAMID,TRAMTYPE,TRAMNUMMER,STATUS,RFIDCODE,LIJNNR,REMISEID,STATUSAANWEZIG) values ('100','12g','820',null,'097','16','1','0');
Insert into TRAM (TRAMID,TRAMTYPE,TRAMNUMMER,STATUS,RFIDCODE,LIJNNR,REMISEID,STATUSAANWEZIG) values ('101','12g','821',null,'098','16','1','0');
Insert into TRAM (TRAMID,TRAMTYPE,TRAMNUMMER,STATUS,RFIDCODE,LIJNNR,REMISEID,STATUSAANWEZIG) values ('102','12g','822',null,'099','16','1','0');
Insert into TRAM (TRAMID,TRAMTYPE,TRAMNUMMER,STATUS,RFIDCODE,LIJNNR,REMISEID,STATUSAANWEZIG) values ('103','12g','823',null,'100','16','1','0');
Insert into TRAM (TRAMID,TRAMTYPE,TRAMNUMMER,STATUS,RFIDCODE,LIJNNR,REMISEID,STATUSAANWEZIG) values ('104','12g','824',null,'101','16','1','0');
Insert into TRAM (TRAMID,TRAMTYPE,TRAMNUMMER,STATUS,RFIDCODE,LIJNNR,REMISEID,STATUSAANWEZIG) values ('105','12g','825',null,'102','16','1','0');
Insert into TRAM (TRAMID,TRAMTYPE,TRAMNUMMER,STATUS,RFIDCODE,LIJNNR,REMISEID,STATUSAANWEZIG) values ('106','12g','826',null,'103','16','1','0');
Insert into TRAM (TRAMID,TRAMTYPE,TRAMNUMMER,STATUS,RFIDCODE,LIJNNR,REMISEID,STATUSAANWEZIG) values ('107','12g','827',null,'104','16','1','0');
Insert into TRAM (TRAMID,TRAMTYPE,TRAMNUMMER,STATUS,RFIDCODE,LIJNNR,REMISEID,STATUSAANWEZIG) values ('108','12g','828',null,'105','16','1','0');
Insert into TRAM (TRAMID,TRAMTYPE,TRAMNUMMER,STATUS,RFIDCODE,LIJNNR,REMISEID,STATUSAANWEZIG) values ('109','12g','829',null,'106','16','1','0');
Insert into TRAM (TRAMID,TRAMTYPE,TRAMNUMMER,STATUS,RFIDCODE,LIJNNR,REMISEID,STATUSAANWEZIG) values ('110','12g','830',null,'107','16','1','0');
Insert into TRAM (TRAMID,TRAMTYPE,TRAMNUMMER,STATUS,RFIDCODE,LIJNNR,REMISEID,STATUSAANWEZIG) values ('111','12g','831',null,'108','24','1','0');
Insert into TRAM (TRAMID,TRAMTYPE,TRAMNUMMER,STATUS,RFIDCODE,LIJNNR,REMISEID,STATUSAANWEZIG) values ('112','12g','832',null,'109','24','1','0');
Insert into TRAM (TRAMID,TRAMTYPE,TRAMNUMMER,STATUS,RFIDCODE,LIJNNR,REMISEID,STATUSAANWEZIG) values ('113','12g','833',null,'110','24','1','0');
Insert into TRAM (TRAMID,TRAMTYPE,TRAMNUMMER,STATUS,RFIDCODE,LIJNNR,REMISEID,STATUSAANWEZIG) values ('114','12g','834',null,'111','24','1','0');
Insert into TRAM (TRAMID,TRAMTYPE,TRAMNUMMER,STATUS,RFIDCODE,LIJNNR,REMISEID,STATUSAANWEZIG) values ('115','12g','835',null,'112','24','1','0');
Insert into TRAM (TRAMID,TRAMTYPE,TRAMNUMMER,STATUS,RFIDCODE,LIJNNR,REMISEID,STATUSAANWEZIG) values ('116','12g','836',null,'113','24','1','0');
Insert into TRAM (TRAMID,TRAMTYPE,TRAMNUMMER,STATUS,RFIDCODE,LIJNNR,REMISEID,STATUSAANWEZIG) values ('117','12g','837',null,'114','24','1','0');
Insert into TRAM (TRAMID,TRAMTYPE,TRAMNUMMER,STATUS,RFIDCODE,LIJNNR,REMISEID,STATUSAANWEZIG) values ('118','12g','838',null,'115','24','1','0');
Insert into TRAM (TRAMID,TRAMTYPE,TRAMNUMMER,STATUS,RFIDCODE,LIJNNR,REMISEID,STATUSAANWEZIG) values ('119','12g','839',null,'116','24','1','0');
Insert into TRAM (TRAMID,TRAMTYPE,TRAMNUMMER,STATUS,RFIDCODE,LIJNNR,REMISEID,STATUSAANWEZIG) values ('120','12g','840',null,'117','24','1','0');
Insert into TRAM (TRAMID,TRAMTYPE,TRAMNUMMER,STATUS,RFIDCODE,LIJNNR,REMISEID,STATUSAANWEZIG) values ('121','12g','841',null,'118','24','1','0');
Insert into TRAM (TRAMID,TRAMTYPE,TRAMNUMMER,STATUS,RFIDCODE,LIJNNR,REMISEID,STATUSAANWEZIG) values ('122','opleiding tram','809',null,'119','17','1','0');
Insert into TRAM (TRAMID,TRAMTYPE,TRAMNUMMER,STATUS,RFIDCODE,LIJNNR,REMISEID,STATUSAANWEZIG) values ('123','opleiding tram','810',null,'120','17','1','0');
Insert into TRAM (TRAMID,TRAMTYPE,TRAMNUMMER,STATUS,RFIDCODE,LIJNNR,REMISEID,STATUSAANWEZIG) values ('124','opleiding tram','811',null,'121','17','1','0');
Insert into TRAM (TRAMID,TRAMTYPE,TRAMNUMMER,STATUS,RFIDCODE,LIJNNR,REMISEID,STATUSAANWEZIG) values ('125','opleiding tram','812',null,'122','17','1','0');
Insert into TRAM (TRAMID,TRAMTYPE,TRAMNUMMER,STATUS,RFIDCODE,LIJNNR,REMISEID,STATUSAANWEZIG) values ('126','opleiding tram','813',null,'123','17','1','0');
Insert into TRAM (TRAMID,TRAMTYPE,TRAMNUMMER,STATUS,RFIDCODE,LIJNNR,REMISEID,STATUSAANWEZIG) values ('127','opleiding tram','814',null,'124','17','1','0');
Insert into TRAM (TRAMID,TRAMTYPE,TRAMNUMMER,STATUS,RFIDCODE,LIJNNR,REMISEID,STATUSAANWEZIG) values ('128','opleiding tram','815',null,'125','17','1','0');
Insert into TRAM (TRAMID,TRAMTYPE,TRAMNUMMER,STATUS,RFIDCODE,LIJNNR,REMISEID,STATUSAANWEZIG) values ('129','opleiding tram','816',null,'126','17','1','0');
--------------------------------------------------------
--  DDL for Index SYS_C009292
--------------------------------------------------------

  CREATE UNIQUE INDEX "SYS_C009292" ON "GEBRUIKER" ("GEBRUIKERSNAAM") 
  PCTFREE 10 INITRANS 2 MAXTRANS 255 COMPUTE STATISTICS 
  STORAGE(INITIAL 65536 NEXT 1048576 MINEXTENTS 1 MAXEXTENTS 2147483645
  PCTINCREASE 0 FREELISTS 1 FREELIST GROUPS 1 BUFFER_POOL DEFAULT FLASH_CACHE DEFAULT CELL_FLASH_CACHE DEFAULT)
  TABLESPACE "SYSTEM" ;
--------------------------------------------------------
--  DDL for Index SYS_C007060
--------------------------------------------------------

  CREATE UNIQUE INDEX "SYS_C007060" ON "GEBRUIKERSTYPE" ("NAAM") 
  PCTFREE 10 INITRANS 2 MAXTRANS 255 COMPUTE STATISTICS 
  STORAGE(INITIAL 65536 NEXT 1048576 MINEXTENTS 1 MAXEXTENTS 2147483645
  PCTINCREASE 0 FREELISTS 1 FREELIST GROUPS 1 BUFFER_POOL DEFAULT FLASH_CACHE DEFAULT CELL_FLASH_CACHE DEFAULT)
  TABLESPACE "SYSTEM" ;
--------------------------------------------------------
--  DDL for Index SYS_C0010135
--------------------------------------------------------

  CREATE UNIQUE INDEX "SYS_C0010135" ON "GEN" ("GENCODE") 
  PCTFREE 10 INITRANS 2 MAXTRANS 255 COMPUTE STATISTICS 
  STORAGE(INITIAL 65536 NEXT 1048576 MINEXTENTS 1 MAXEXTENTS 2147483645
  PCTINCREASE 0 FREELISTS 1 FREELIST GROUPS 1 BUFFER_POOL DEFAULT FLASH_CACHE DEFAULT CELL_FLASH_CACHE DEFAULT)
  TABLESPACE "SYSTEM" ;
--------------------------------------------------------
--  DDL for Index SYS_C0010136
--------------------------------------------------------

  CREATE UNIQUE INDEX "SYS_C0010136" ON "GEN" ("GENNAAM") 
  PCTFREE 10 INITRANS 2 MAXTRANS 255 COMPUTE STATISTICS 
  STORAGE(INITIAL 65536 NEXT 1048576 MINEXTENTS 1 MAXEXTENTS 2147483645
  PCTINCREASE 0 FREELISTS 1 FREELIST GROUPS 1 BUFFER_POOL DEFAULT FLASH_CACHE DEFAULT CELL_FLASH_CACHE DEFAULT)
  TABLESPACE "SYSTEM" ;
--------------------------------------------------------
--  DDL for Index SYS_C007063
--------------------------------------------------------

  CREATE UNIQUE INDEX "SYS_C007063" ON "LIJN" ("LIJNID") 
  PCTFREE 10 INITRANS 2 MAXTRANS 255 COMPUTE STATISTICS 
  STORAGE(INITIAL 65536 NEXT 1048576 MINEXTENTS 1 MAXEXTENTS 2147483645
  PCTINCREASE 0 FREELISTS 1 FREELIST GROUPS 1 BUFFER_POOL DEFAULT FLASH_CACHE DEFAULT CELL_FLASH_CACHE DEFAULT)
  TABLESPACE "SYSTEM" ;
--------------------------------------------------------
--  DDL for Index SYS_C0010134
--------------------------------------------------------

  CREATE UNIQUE INDEX "SYS_C0010134" ON "ONDERZOEKER" ("ONDERZOEKERNR") 
  PCTFREE 10 INITRANS 2 MAXTRANS 255 COMPUTE STATISTICS 
  STORAGE(INITIAL 65536 NEXT 1048576 MINEXTENTS 1 MAXEXTENTS 2147483645
  PCTINCREASE 0 FREELISTS 1 FREELIST GROUPS 1 BUFFER_POOL DEFAULT FLASH_CACHE DEFAULT CELL_FLASH_CACHE DEFAULT)
  TABLESPACE "SYSTEM" ;
--------------------------------------------------------
--  DDL for Index SYS_C0010138
--------------------------------------------------------

  CREATE UNIQUE INDEX "SYS_C0010138" ON "PATIENT" ("PATIENTNR") 
  PCTFREE 10 INITRANS 2 MAXTRANS 255 COMPUTE STATISTICS 
  STORAGE(INITIAL 65536 NEXT 1048576 MINEXTENTS 1 MAXEXTENTS 2147483645
  PCTINCREASE 0 FREELISTS 1 FREELIST GROUPS 1 BUFFER_POOL DEFAULT FLASH_CACHE DEFAULT CELL_FLASH_CACHE DEFAULT)
  TABLESPACE "SYSTEM" ;
--------------------------------------------------------
--  DDL for Index SYS_C007064
--------------------------------------------------------

  CREATE UNIQUE INDEX "SYS_C007064" ON "REMISE" ("REMISEID") 
  PCTFREE 10 INITRANS 2 MAXTRANS 255 COMPUTE STATISTICS 
  STORAGE(INITIAL 65536 NEXT 1048576 MINEXTENTS 1 MAXEXTENTS 2147483645
  PCTINCREASE 0 FREELISTS 1 FREELIST GROUPS 1 BUFFER_POOL DEFAULT FLASH_CACHE DEFAULT CELL_FLASH_CACHE DEFAULT)
  TABLESPACE "SYSTEM" ;
--------------------------------------------------------
--  DDL for Index SYS_C007062
--------------------------------------------------------

  CREATE UNIQUE INDEX "SYS_C007062" ON "RFID" ("RFIDCODE") 
  PCTFREE 10 INITRANS 2 MAXTRANS 255 COMPUTE STATISTICS 
  STORAGE(INITIAL 65536 NEXT 1048576 MINEXTENTS 1 MAXEXTENTS 2147483645
  PCTINCREASE 0 FREELISTS 1 FREELIST GROUPS 1 BUFFER_POOL DEFAULT FLASH_CACHE DEFAULT CELL_FLASH_CACHE DEFAULT)
  TABLESPACE "SYSTEM" ;
--------------------------------------------------------
--  DDL for Index SYS_C007073
--------------------------------------------------------

  CREATE UNIQUE INDEX "SYS_C007073" ON "SEGMENT" ("SEGMENTID") 
  PCTFREE 10 INITRANS 2 MAXTRANS 255 COMPUTE STATISTICS 
  STORAGE(INITIAL 65536 NEXT 1048576 MINEXTENTS 1 MAXEXTENTS 2147483645
  PCTINCREASE 0 FREELISTS 1 FREELIST GROUPS 1 BUFFER_POOL DEFAULT FLASH_CACHE DEFAULT CELL_FLASH_CACHE DEFAULT)
  TABLESPACE "SYSTEM" ;
--------------------------------------------------------
--  DDL for Index SYS_C007069
--------------------------------------------------------

  CREATE UNIQUE INDEX "SYS_C007069" ON "SPOOR" ("SPOORID") 
  PCTFREE 10 INITRANS 2 MAXTRANS 255 COMPUTE STATISTICS 
  STORAGE(INITIAL 65536 NEXT 1048576 MINEXTENTS 1 MAXEXTENTS 2147483645
  PCTINCREASE 0 FREELISTS 1 FREELIST GROUPS 1 BUFFER_POOL DEFAULT FLASH_CACHE DEFAULT CELL_FLASH_CACHE DEFAULT)
  TABLESPACE "SYSTEM" ;
--------------------------------------------------------
--  DDL for Index SYS_C007065
--------------------------------------------------------

  CREATE UNIQUE INDEX "SYS_C007065" ON "TRAM" ("TRAMID") 
  PCTFREE 10 INITRANS 2 MAXTRANS 255 COMPUTE STATISTICS 
  STORAGE(INITIAL 65536 NEXT 1048576 MINEXTENTS 1 MAXEXTENTS 2147483645
  PCTINCREASE 0 FREELISTS 1 FREELIST GROUPS 1 BUFFER_POOL DEFAULT FLASH_CACHE DEFAULT CELL_FLASH_CACHE DEFAULT)
  TABLESPACE "SYSTEM" ;
--------------------------------------------------------
--  Constraints for Table GEBRUIKER
--------------------------------------------------------

  ALTER TABLE "GEBRUIKER" ADD PRIMARY KEY ("GEBRUIKERSNAAM")
  USING INDEX PCTFREE 10 INITRANS 2 MAXTRANS 255 COMPUTE STATISTICS 
  STORAGE(INITIAL 65536 NEXT 1048576 MINEXTENTS 1 MAXEXTENTS 2147483645
  PCTINCREASE 0 FREELISTS 1 FREELIST GROUPS 1 BUFFER_POOL DEFAULT FLASH_CACHE DEFAULT CELL_FLASH_CACHE DEFAULT)
  TABLESPACE "SYSTEM"  ENABLE;
--------------------------------------------------------
--  Constraints for Table GEBRUIKERSTYPE
--------------------------------------------------------

  ALTER TABLE "GEBRUIKERSTYPE" ADD PRIMARY KEY ("NAAM")
  USING INDEX PCTFREE 10 INITRANS 2 MAXTRANS 255 COMPUTE STATISTICS 
  STORAGE(INITIAL 65536 NEXT 1048576 MINEXTENTS 1 MAXEXTENTS 2147483645
  PCTINCREASE 0 FREELISTS 1 FREELIST GROUPS 1 BUFFER_POOL DEFAULT FLASH_CACHE DEFAULT CELL_FLASH_CACHE DEFAULT)
  TABLESPACE "SYSTEM"  ENABLE;
--------------------------------------------------------
--  Constraints for Table GEN
--------------------------------------------------------

  ALTER TABLE "GEN" ADD UNIQUE ("GENNAAM")
  USING INDEX PCTFREE 10 INITRANS 2 MAXTRANS 255 COMPUTE STATISTICS 
  STORAGE(INITIAL 65536 NEXT 1048576 MINEXTENTS 1 MAXEXTENTS 2147483645
  PCTINCREASE 0 FREELISTS 1 FREELIST GROUPS 1 BUFFER_POOL DEFAULT FLASH_CACHE DEFAULT CELL_FLASH_CACHE DEFAULT)
  TABLESPACE "SYSTEM"  ENABLE;
  ALTER TABLE "GEN" ADD PRIMARY KEY ("GENCODE")
  USING INDEX PCTFREE 10 INITRANS 2 MAXTRANS 255 COMPUTE STATISTICS 
  STORAGE(INITIAL 65536 NEXT 1048576 MINEXTENTS 1 MAXEXTENTS 2147483645
  PCTINCREASE 0 FREELISTS 1 FREELIST GROUPS 1 BUFFER_POOL DEFAULT FLASH_CACHE DEFAULT CELL_FLASH_CACHE DEFAULT)
  TABLESPACE "SYSTEM"  ENABLE;
--------------------------------------------------------
--  Constraints for Table LIJN
--------------------------------------------------------

  ALTER TABLE "LIJN" ADD PRIMARY KEY ("LIJNID")
  USING INDEX PCTFREE 10 INITRANS 2 MAXTRANS 255 COMPUTE STATISTICS 
  STORAGE(INITIAL 65536 NEXT 1048576 MINEXTENTS 1 MAXEXTENTS 2147483645
  PCTINCREASE 0 FREELISTS 1 FREELIST GROUPS 1 BUFFER_POOL DEFAULT FLASH_CACHE DEFAULT CELL_FLASH_CACHE DEFAULT)
  TABLESPACE "SYSTEM"  ENABLE;
--------------------------------------------------------
--  Constraints for Table ONDERZOEKER
--------------------------------------------------------

  ALTER TABLE "ONDERZOEKER" ADD PRIMARY KEY ("ONDERZOEKERNR")
  USING INDEX PCTFREE 10 INITRANS 2 MAXTRANS 255 COMPUTE STATISTICS 
  STORAGE(INITIAL 65536 NEXT 1048576 MINEXTENTS 1 MAXEXTENTS 2147483645
  PCTINCREASE 0 FREELISTS 1 FREELIST GROUPS 1 BUFFER_POOL DEFAULT FLASH_CACHE DEFAULT CELL_FLASH_CACHE DEFAULT)
  TABLESPACE "SYSTEM"  ENABLE;
  ALTER TABLE "ONDERZOEKER" MODIFY ("WACHTWOORD" NOT NULL ENABLE);
  ALTER TABLE "ONDERZOEKER" MODIFY ("WOONPLAATS" NOT NULL ENABLE);
  ALTER TABLE "ONDERZOEKER" MODIFY ("NAAM" NOT NULL ENABLE);
--------------------------------------------------------
--  Constraints for Table PATIENT
--------------------------------------------------------

  ALTER TABLE "PATIENT" ADD PRIMARY KEY ("PATIENTNR")
  USING INDEX PCTFREE 10 INITRANS 2 MAXTRANS 255 COMPUTE STATISTICS 
  STORAGE(INITIAL 65536 NEXT 1048576 MINEXTENTS 1 MAXEXTENTS 2147483645
  PCTINCREASE 0 FREELISTS 1 FREELIST GROUPS 1 BUFFER_POOL DEFAULT FLASH_CACHE DEFAULT CELL_FLASH_CACHE DEFAULT)
  TABLESPACE "SYSTEM"  ENABLE;
  ALTER TABLE "PATIENT" MODIFY ("NAAM" NOT NULL ENABLE);
--------------------------------------------------------
--  Constraints for Table REMISE
--------------------------------------------------------

  ALTER TABLE "REMISE" ADD PRIMARY KEY ("REMISEID")
  USING INDEX PCTFREE 10 INITRANS 2 MAXTRANS 255 COMPUTE STATISTICS 
  STORAGE(INITIAL 65536 NEXT 1048576 MINEXTENTS 1 MAXEXTENTS 2147483645
  PCTINCREASE 0 FREELISTS 1 FREELIST GROUPS 1 BUFFER_POOL DEFAULT FLASH_CACHE DEFAULT CELL_FLASH_CACHE DEFAULT)
  TABLESPACE "SYSTEM"  ENABLE;
--------------------------------------------------------
--  Constraints for Table RFID
--------------------------------------------------------

  ALTER TABLE "RFID" ADD PRIMARY KEY ("RFIDCODE")
  USING INDEX PCTFREE 10 INITRANS 2 MAXTRANS 255 COMPUTE STATISTICS 
  STORAGE(INITIAL 65536 NEXT 1048576 MINEXTENTS 1 MAXEXTENTS 2147483645
  PCTINCREASE 0 FREELISTS 1 FREELIST GROUPS 1 BUFFER_POOL DEFAULT FLASH_CACHE DEFAULT CELL_FLASH_CACHE DEFAULT)
  TABLESPACE "SYSTEM"  ENABLE;
--------------------------------------------------------
--  Constraints for Table SEGMENT
--------------------------------------------------------

  ALTER TABLE "SEGMENT" ADD PRIMARY KEY ("SEGMENTID")
  USING INDEX PCTFREE 10 INITRANS 2 MAXTRANS 255 COMPUTE STATISTICS 
  STORAGE(INITIAL 65536 NEXT 1048576 MINEXTENTS 1 MAXEXTENTS 2147483645
  PCTINCREASE 0 FREELISTS 1 FREELIST GROUPS 1 BUFFER_POOL DEFAULT FLASH_CACHE DEFAULT CELL_FLASH_CACHE DEFAULT)
  TABLESPACE "SYSTEM"  ENABLE;
--------------------------------------------------------
--  Constraints for Table SPOOR
--------------------------------------------------------

  ALTER TABLE "SPOOR" ADD PRIMARY KEY ("SPOORID")
  USING INDEX PCTFREE 10 INITRANS 2 MAXTRANS 255 COMPUTE STATISTICS 
  STORAGE(INITIAL 65536 NEXT 1048576 MINEXTENTS 1 MAXEXTENTS 2147483645
  PCTINCREASE 0 FREELISTS 1 FREELIST GROUPS 1 BUFFER_POOL DEFAULT FLASH_CACHE DEFAULT CELL_FLASH_CACHE DEFAULT)
  TABLESPACE "SYSTEM"  ENABLE;
--------------------------------------------------------
--  Constraints for Table TRAM
--------------------------------------------------------

  ALTER TABLE "TRAM" ADD PRIMARY KEY ("TRAMID")
  USING INDEX PCTFREE 10 INITRANS 2 MAXTRANS 255 COMPUTE STATISTICS 
  STORAGE(INITIAL 65536 NEXT 1048576 MINEXTENTS 1 MAXEXTENTS 2147483645
  PCTINCREASE 0 FREELISTS 1 FREELIST GROUPS 1 BUFFER_POOL DEFAULT FLASH_CACHE DEFAULT CELL_FLASH_CACHE DEFAULT)
  TABLESPACE "SYSTEM"  ENABLE;
  ALTER TABLE "TRAM" ADD CHECK (Upper(STATUSAANWEZIG) IN (0,1)) ENABLE;
--------------------------------------------------------
--  Ref Constraints for Table GEBRUIKER
--------------------------------------------------------

  ALTER TABLE "GEBRUIKER" ADD FOREIGN KEY ("GEBRUIKERSTYPE")
	  REFERENCES "GEBRUIKERSTYPE" ("NAAM") ENABLE;
--------------------------------------------------------
--  Ref Constraints for Table PATIENT
--------------------------------------------------------

  ALTER TABLE "PATIENT" ADD FOREIGN KEY ("VADER")
	  REFERENCES "PATIENT" ("PATIENTNR") ENABLE;
  ALTER TABLE "PATIENT" ADD FOREIGN KEY ("MOEDER")
	  REFERENCES "PATIENT" ("PATIENTNR") ENABLE;
  ALTER TABLE "PATIENT" ADD FOREIGN KEY ("GENCODE")
	  REFERENCES "GEN" ("GENCODE") ENABLE;
  ALTER TABLE "PATIENT" ADD FOREIGN KEY ("ONDERZOEKERNR")
	  REFERENCES "ONDERZOEKER" ("ONDERZOEKERNR") ENABLE;
--------------------------------------------------------
--  Ref Constraints for Table SEGMENT
--------------------------------------------------------

  ALTER TABLE "SEGMENT" ADD FOREIGN KEY ("SPOORID")
	  REFERENCES "SPOOR" ("SPOORID") ENABLE;
--------------------------------------------------------
--  Ref Constraints for Table SPOOR
--------------------------------------------------------

  ALTER TABLE "SPOOR" ADD FOREIGN KEY ("REMISEID")
	  REFERENCES "REMISE" ("REMISEID") ENABLE;
--------------------------------------------------------
--  Ref Constraints for Table SPOOR_TRAM
--------------------------------------------------------

  ALTER TABLE "SPOOR_TRAM" ADD FOREIGN KEY ("SPOORID")
	  REFERENCES "SPOOR" ("SPOORID") ENABLE;
  ALTER TABLE "SPOOR_TRAM" ADD FOREIGN KEY ("TRAMID")
	  REFERENCES "TRAM" ("TRAMID") ENABLE;
--------------------------------------------------------
--  Ref Constraints for Table TRAM
--------------------------------------------------------

  ALTER TABLE "TRAM" ADD FOREIGN KEY ("REMISEID")
	  REFERENCES "REMISE" ("REMISEID") ENABLE;
